2026-05-17 17:49:33,391 INFO o.s.t.c.s.AnnotationConfigContextLoaderUtils [main] Could not detect default configuration classes for test class [com.shinepublicschool.ShinePublicSchoolWebAppApplicationTests]: ShinePublicSchoolWebAppApplicationTests does not declare any static, non-private, non-final, nested classes annotated with @Configuration.
2026-05-17 17:49:33,515 INFO o.s.b.t.c.SpringBootTestContextBootstrapper [main] Found @SpringBootConfiguration com.shinepublicschool.ShinePublicSchoolWebAppApplication for test class com.shinepublicschool.ShinePublicSchoolWebAppApplicationTests
2026-05-17 17:49:33,671 INFO o.s.b.d.r.RestartApplicationListener [main] Restart disabled due to context in which it is running
2026-05-17 17:49:33,913 INFO o.h.v.i.u.Version [background-preinit] HV000001: Hibernate Validator 8.0.1.Final
2026-05-17 17:49:34,798 INFO o.s.d.r.c.RepositoryConfigurationDelegate [main] Bootstrapping Spring Data JPA repositories in DEFAULT mode.
2026-05-17 17:49:34,929 INFO o.s.d.r.c.RepositoryConfigurationDelegate [main] Finished Spring Data repository scanning in 124 ms. Found 7 JPA repository interfaces.
2026-05-17 17:49:35,735 INFO o.s.c.c.s.GenericScope [main] BeanFactory id=e4d78bc9-f1d7-37bb-aa72-a78d30131486
2026-05-17 17:49:36,239 WARN o.s.c.s.PostProcessorRegistrationDelegate$BeanPostProcessorChecker [main] Bean 'org.springframework.cloud.client.loadbalancer.LoadBalancerAutoConfiguration$DeferringLoadBalancerInterceptorConfig' of type [org.springframework.cloud.client.loadbalancer.LoadBalancerAutoConfiguration$DeferringLoadBalancerInterceptorConfig] is not eligible for getting processed by all BeanPostProcessors (for example: not eligible for auto-proxying). The currently created BeanPostProcessor [lbRestClientPostProcessor] is declared through a non-static factory method on that class; consider declaring it as static instead.
2026-05-17 17:49:36,243 WARN o.s.c.s.PostProcessorRegistrationDelegate$BeanPostProcessorChecker [main] Bean 'deferringLoadBalancerInterceptor' of type [org.springframework.cloud.client.loadbalancer.DeferringLoadBalancerInterceptor] is not eligible for getting processed by all BeanPostProcessors (for example: not eligible for auto-proxying). Is this bean getting eagerly injected into a currently created BeanPostProcessor [lbRestClientPostProcessor]? Check the corresponding BeanPostProcessor declaration and its dependencies.
2026-05-17 17:49:36,247 WARN o.s.c.s.PostProcessorRegistrationDelegate$BeanPostProcessorChecker [main] Bean 'org.springframework.cloud.client.loadbalancer.reactive.LoadBalancerBeanPostProcessorAutoConfiguration' of type [org.springframework.cloud.client.loadbalancer.reactive.LoadBalancerBeanPostProcessorAutoConfiguration] is not eligible for getting processed by all BeanPostProcessors (for example: not eligible for auto-proxying). The currently created BeanPostProcessor [loadBalancerWebClientBuilderBeanPostProcessor] is declared through a non-static factory method on that class; consider declaring it as static instead.
2026-05-17 17:49:36,250 WARN o.s.c.s.PostProcessorRegistrationDelegate$BeanPostProcessorChecker [main] Bean 'org.springframework.cloud.client.loadbalancer.reactive.LoadBalancerBeanPostProcessorAutoConfiguration$ReactorDeferringLoadBalancerFilterConfig' of type [org.springframework.cloud.client.loadbalancer.reactive.LoadBalancerBeanPostProcessorAutoConfiguration$ReactorDeferringLoadBalancerFilterConfig] is not eligible for getting processed by all BeanPostProcessors (for example: not eligible for auto-proxying). Is this bean getting eagerly injected into a currently created BeanPostProcessor [loadBalancerWebClientBuilderBeanPostProcessor]? Check the corresponding BeanPostProcessor declaration and its dependencies.
2026-05-17 17:49:36,253 WARN o.s.c.s.PostProcessorRegistrationDelegate$BeanPostProcessorChecker [main] Bean 'reactorDeferringLoadBalancerExchangeFilterFunction' of type [org.springframework.cloud.client.loadbalancer.reactive.DeferringLoadBalancerExchangeFilterFunction] is not eligible for getting processed by all BeanPostProcessors (for example: not eligible for auto-proxying). Is this bean getting eagerly injected into a currently created BeanPostProcessor [loadBalancerWebClientBuilderBeanPostProcessor]? Check the corresponding BeanPostProcessor declaration and its dependencies.
2026-05-17 17:49:36,587 INFO c.z.h.HikariDataSource [main] HikariPool-1 - Starting...
2026-05-17 17:49:40,360 INFO c.z.h.HikariDataSource [main] HikariPool-1 - Starting...
2026-05-17 17:49:41,373 INFO c.z.h.HikariDataSource [main] HikariPool-1 - Starting...
2026-05-17 17:49:42,394 WARN o.s.c.s.AbstractApplicationContext [main] Exception encountered during context initialization - cancelling refresh attempt: org.springframework.beans.factory.BeanCreationException: Error creating bean with name 'entityManagerFactory' defined in class path resource [org/springframework/boot/autoconfigure/orm/jpa/HibernateJpaConfiguration.class]: Failed to initialize dependency 'flywayInitializer' of LoadTimeWeaverAware bean 'entityManagerFactory': Error creating bean with name 'flywayInitializer' defined in class path resource [org/springframework/boot/autoconfigure/flyway/FlywayAutoConfiguration$FlywayConfiguration.class]: Unable to obtain connection from database: Communications link failure

The last packet sent successfully to the server was 0 milliseconds ago. The driver has not received any packets from the server.
--------------------------------------------------------------------------------------------------------------------------------------------------------------------------------------------------------
SQL State  : 08S01
Error Code : 0
Message    : Communications link failure

The last packet sent successfully to the server was 0 milliseconds ago. The driver has not received any packets from the server.

2026-05-17 17:49:42,410 INFO o.s.b.a.l.ConditionEvaluationReportLogger [main] 

Error starting ApplicationContext. To display the condition evaluation report re-run your application with 'debug' enabled.
2026-05-17 17:49:42,430 ERROR o.s.b.SpringApplication [main] Application run failed
org.springframework.beans.factory.BeanCreationException: Error creating bean with name 'entityManagerFactory' defined in class path resource [org/springframework/boot/autoconfigure/orm/jpa/HibernateJpaConfiguration.class]: Failed to initialize dependency 'flywayInitializer' of LoadTimeWeaverAware bean 'entityManagerFactory': Error creating bean with name 'flywayInitializer' defined in class path resource [org/springframework/boot/autoconfigure/flyway/FlywayAutoConfiguration$FlywayConfiguration.class]: Unable to obtain connection from database: Communications link failure

The last packet sent successfully to the server was 0 milliseconds ago. The driver has not received any packets from the server.
--------------------------------------------------------------------------------------------------------------------------------------------------------------------------------------------------------
SQL State  : 08S01
Error Code : 0
Message    : Communications link failure

The last packet sent successfully to the server was 0 milliseconds ago. The driver has not received any packets from the server.

	at org.springframework.beans.factory.support.AbstractBeanFactory.doGetBean(AbstractBeanFactory.java:326)
	at org.springframework.beans.factory.support.AbstractBeanFactory.getBean(AbstractBeanFactory.java:205)
	at org.springframework.context.support.AbstractApplicationContext.finishBeanFactoryInitialization(AbstractApplicationContext.java:952)
	at org.springframework.context.support.AbstractApplicationContext.refresh(AbstractApplicationContext.java:624)
	at org.springframework.boot.SpringApplication.refresh(SpringApplication.java:754)
	at org.springframework.boot.SpringApplication.refreshContext(SpringApplication.java:456)
	at org.springframework.boot.SpringApplication.run(SpringApplication.java:335)
	at org.springframework.boot.test.context.SpringBootContextLoader.lambda$loadContext$3(SpringBootContextLoader.java:137)
	at org.springframework.util.function.ThrowingSupplier.get(ThrowingSupplier.java:58)
	at org.springframework.util.function.ThrowingSupplier.get(ThrowingSupplier.java:46)
	at org.springframework.boot.SpringApplication.withHook(SpringApplication.java:1463)
	at org.springframework.boot.test.context.SpringBootContextLoader$ContextLoaderHook.run(SpringBootContextLoader.java:553)
	at org.springframework.boot.test.context.SpringBootContextLoader.loadContext(SpringBootContextLoader.java:137)
	at org.springframework.boot.test.context.SpringBootContextLoader.loadContext(SpringBootContextLoader.java:108)
	at org.springframework.test.context.cache.DefaultCacheAwareContextLoaderDelegate.loadContextInternal(DefaultCacheAwareContextLoaderDelegate.java:225)
	at org.springframework.test.context.cache.DefaultCacheAwareContextLoaderDelegate.loadContext(DefaultCacheAwareContextLoaderDelegate.java:152)
	at org.springframework.test.context.support.DefaultTestContext.getApplicationContext(DefaultTestContext.java:130)
	at org.springframework.test.context.web.ServletTestExecutionListener.setUpRequestContextIfNecessary(ServletTestExecutionListener.java:191)
	at org.springframework.test.context.web.ServletTestExecutionListener.prepareTestInstance(ServletTestExecutionListener.java:130)
	at org.springframework.test.context.TestContextManager.prepareTestInstance(TestContextManager.java:260)
	at org.springframework.test.context.junit.jupiter.SpringExtension.postProcessTestInstance(SpringExtension.java:163)
	at org.junit.jupiter.engine.descriptor.ClassBasedTestDescriptor.lambda$invokeTestInstancePostProcessors$10(ClassBasedTestDescriptor.java:378)
	at org.junit.jupiter.engine.descriptor.ClassBasedTestDescriptor.executeAndMaskThrowable(ClassBasedTestDescriptor.java:383)
	at org.junit.jupiter.engine.descriptor.ClassBasedTestDescriptor.lambda$invokeTestInstancePostProcessors$11(ClassBasedTestDescriptor.java:378)
	at java.base/java.util.stream.ReferencePipeline$3$1.accept(ReferencePipeline.java:197)
	at java.base/java.util.stream.ReferencePipeline$2$1.accept(ReferencePipeline.java:179)
	at java.base/java.util.ArrayList$ArrayListSpliterator.forEachRemaining(ArrayList.java:1708)
	at java.base/java.util.stream.AbstractPipeline.copyInto(AbstractPipeline.java:509)
	at java.base/java.util.stream.AbstractPipeline.wrapAndCopyInto(AbstractPipeline.java:499)
	at java.base/java.util.stream.StreamSpliterators$WrappingSpliterator.forEachRemaining(StreamSpliterators.java:310)
	at java.base/java.util.stream.Streams$ConcatSpliterator.forEachRemaining(Streams.java:735)
	at java.base/java.util.stream.Streams$ConcatSpliterator.forEachRemaining(Streams.java:734)
	at java.base/java.util.stream.ReferencePipeline$Head.forEach(ReferencePipeline.java:762)
	at org.junit.jupiter.engine.descriptor.ClassBasedTestDescriptor.invokeTestInstancePostProcessors(ClassBasedTestDescriptor.java:377)
	at org.junit.jupiter.engine.descriptor.ClassBasedTestDescriptor.lambda$instantiateAndPostProcessTestInstance$6(ClassBasedTestDescriptor.java:290)
	at org.junit.platform.engine.support.hierarchical.ThrowableCollector.execute(ThrowableCollector.java:73)
	at org.junit.jupiter.engine.descriptor.ClassBasedTestDescriptor.instantiateAndPostProcessTestInstance(ClassBasedTestDescriptor.java:289)
	at org.junit.jupiter.engine.descriptor.ClassBasedTestDescriptor.lambda$testInstancesProvider$4(ClassBasedTestDescriptor.java:279)
	at java.base/java.util.Optional.orElseGet(Optional.java:364)
	at org.junit.jupiter.engine.descriptor.ClassBasedTestDescriptor.lambda$testInstancesProvider$5(ClassBasedTestDescriptor.java:278)
	at org.junit.jupiter.engine.execution.TestInstancesProvider.getTestInstances(TestInstancesProvider.java:31)
	at org.junit.jupiter.engine.descriptor.TestMethodTestDescriptor.lambda$prepare$0(TestMethodTestDescriptor.java:106)
	at org.junit.platform.engine.support.hierarchical.ThrowableCollector.execute(ThrowableCollector.java:73)
	at org.junit.jupiter.engine.descriptor.TestMethodTestDescriptor.prepare(TestMethodTestDescriptor.java:105)
	at org.junit.jupiter.engine.descriptor.TestMethodTestDescriptor.prepare(TestMethodTestDescriptor.java:69)
	at org.junit.platform.engine.support.hierarchical.NodeTestTask.lambda$prepare$2(NodeTestTask.java:123)
	at org.junit.platform.engine.support.hierarchical.ThrowableCollector.execute(ThrowableCollector.java:73)
	at org.junit.platform.engine.support.hierarchical.NodeTestTask.prepare(NodeTestTask.java:123)
	at org.junit.platform.engine.support.hierarchical.NodeTestTask.execute(NodeTestTask.java:90)
	at java.base/java.util.ArrayList.forEach(ArrayList.java:1596)
	at org.junit.platform.engine.support.hierarchical.SameThreadHierarchicalTestExecutorService.invokeAll(SameThreadHierarchicalTestExecutorService.java:41)
	at org.junit.platform.engine.support.hierarchical.NodeTestTask.lambda$executeRecursively$6(NodeTestTask.java:155)
	at org.junit.platform.engine.support.hierarchical.ThrowableCollector.execute(ThrowableCollector.java:73)
	at org.junit.platform.engine.support.hierarchical.NodeTestTask.lambda$executeRecursively$8(NodeTestTask.java:141)
	at org.junit.platform.engine.support.hierarchical.Node.around(Node.java:137)
	at org.junit.platform.engine.support.hierarchical.NodeTestTask.lambda$executeRecursively$9(NodeTestTask.java:139)
	at org.junit.platform.engine.support.hierarchical.ThrowableCollector.execute(ThrowableCollector.java:73)
	at org.junit.platform.engine.support.hierarchical.NodeTestTask.executeRecursively(NodeTestTask.java:138)
	at org.junit.platform.engine.support.hierarchical.NodeTestTask.execute(NodeTestTask.java:95)
	at java.base/java.util.ArrayList.forEach(ArrayList.java:1596)
	at org.junit.platform.engine.support.hierarchical.SameThreadHierarchicalTestExecutorService.invokeAll(SameThreadHierarchicalTestExecutorService.java:41)
	at org.junit.platform.engine.support.hierarchical.NodeTestTask.lambda$executeRecursively$6(NodeTestTask.java:155)
	at org.junit.platform.engine.support.hierarchical.ThrowableCollector.execute(ThrowableCollector.java:73)
	at org.junit.platform.engine.support.hierarchical.NodeTestTask.lambda$executeRecursively$8(NodeTestTask.java:141)
	at org.junit.platform.engine.support.hierarchical.Node.around(Node.java:137)
	at org.junit.platform.engine.support.hierarchical.NodeTestTask.lambda$executeRecursively$9(NodeTestTask.java:139)
	at org.junit.platform.engine.support.hierarchical.ThrowableCollector.execute(ThrowableCollector.java:73)
	at org.junit.platform.engine.support.hierarchical.NodeTestTask.executeRecursively(NodeTestTask.java:138)
	at org.junit.platform.engine.support.hierarchical.NodeTestTask.execute(NodeTestTask.java:95)
	at org.junit.platform.engine.support.hierarchical.SameThreadHierarchicalTestExecutorService.submit(SameThreadHierarchicalTestExecutorService.java:35)
	at org.junit.platform.engine.support.hierarchical.HierarchicalTestExecutor.execute(HierarchicalTestExecutor.java:57)
	at org.junit.platform.engine.support.hierarchical.HierarchicalTestEngine.execute(HierarchicalTestEngine.java:54)
	at org.junit.platform.launcher.core.EngineExecutionOrchestrator.execute(EngineExecutionOrchestrator.java:198)
	at org.junit.platform.launcher.core.EngineExecutionOrchestrator.execute(EngineExecutionOrchestrator.java:169)
	at org.junit.platform.launcher.core.EngineExecutionOrchestrator.execute(EngineExecutionOrchestrator.java:93)
	at org.junit.platform.launcher.core.EngineExecutionOrchestrator.lambda$execute$0(EngineExecutionOrchestrator.java:58)
	at org.junit.platform.launcher.core.EngineExecutionOrchestrator.withInterceptedStreams(EngineExecutionOrchestrator.java:141)
	at org.junit.platform.launcher.core.EngineExecutionOrchestrator.execute(EngineExecutionOrchestrator.java:57)
	at org.junit.platform.launcher.core.DefaultLauncher.execute(DefaultLauncher.java:103)
	at org.junit.platform.launcher.core.DefaultLauncher.execute(DefaultLauncher.java:85)
	at org.junit.platform.launcher.core.DelegatingLauncher.execute(DelegatingLauncher.java:47)
	at org.apache.maven.surefire.junitplatform.LazyLauncher.execute(LazyLauncher.java:56)
	at org.apache.maven.surefire.junitplatform.JUnitPlatformProvider.execute(JUnitPlatformProvider.java:184)
	at org.apache.maven.surefire.junitplatform.JUnitPlatformProvider.invokeAllTests(JUnitPlatformProvider.java:148)
	at org.apache.maven.surefire.junitplatform.JUnitPlatformProvider.invoke(JUnitPlatformProvider.java:122)
	at org.apache.maven.surefire.booter.ForkedBooter.runSuitesInProcess(ForkedBooter.java:385)
	at org.apache.maven.surefire.booter.ForkedBooter.execute(ForkedBooter.java:162)
	at org.apache.maven.surefire.booter.ForkedBooter.run(ForkedBooter.java:507)
	at org.apache.maven.surefire.booter.ForkedBooter.main(ForkedBooter.java:495)
Caused by: org.springframework.beans.factory.BeanCreationException: Error creating bean with name 'flywayInitializer' defined in class path resource [org/springframework/boot/autoconfigure/flyway/FlywayAutoConfiguration$FlywayConfiguration.class]: Unable to obtain connection from database: Communications link failure

The last packet sent successfully to the server was 0 milliseconds ago. The driver has not received any packets from the server.
--------------------------------------------------------------------------------------------------------------------------------------------------------------------------------------------------------
SQL State  : 08S01
Error Code : 0
Message    : Communications link failure

The last packet sent successfully to the server was 0 milliseconds ago. The driver has not received any packets from the server.

	at org.springframework.beans.factory.support.AbstractAutowireCapableBeanFactory.initializeBean(AbstractAutowireCapableBeanFactory.java:1788)
	at org.springframework.beans.factory.support.AbstractAutowireCapableBeanFactory.doCreateBean(AbstractAutowireCapableBeanFactory.java:600)
	at org.springframework.beans.factory.support.AbstractAutowireCapableBeanFactory.createBean(AbstractAutowireCapableBeanFactory.java:522)
	at org.springframework.beans.factory.support.AbstractBeanFactory.lambda$doGetBean$0(AbstractBeanFactory.java:337)
	at org.springframework.beans.factory.support.DefaultSingletonBeanRegistry.getSingleton(DefaultSingletonBeanRegistry.java:234)
	at org.springframework.beans.factory.support.AbstractBeanFactory.doGetBean(AbstractBeanFactory.java:335)
	at org.springframework.beans.factory.support.AbstractBeanFactory.getBean(AbstractBeanFactory.java:200)
	at org.springframework.beans.factory.support.AbstractBeanFactory.doGetBean(AbstractBeanFactory.java:313)
	... 88 common frames omitted
Caused by: org.flywaydb.core.internal.exception.FlywaySqlException: Unable to obtain connection from database: Communications link failure

The last packet sent successfully to the server was 0 milliseconds ago. The driver has not received any packets from the server.
--------------------------------------------------------------------------------------------------------------------------------------------------------------------------------------------------------
SQL State  : 08S01
Error Code : 0
Message    : Communications link failure

The last packet sent successfully to the server was 0 milliseconds ago. The driver has not received any packets from the server.

	at org.flywaydb.core.internal.jdbc.JdbcUtils.openConnection(JdbcUtils.java:60)
	at org.flywaydb.core.internal.jdbc.JdbcConnectionFactory.<init>(JdbcConnectionFactory.java:72)
	at org.flywaydb.core.FlywayExecutor.execute(FlywayExecutor.java:134)
	at org.flywaydb.core.Flyway.migrate(Flyway.java:147)
	at org.springframework.boot.autoconfigure.flyway.FlywayMigrationInitializer.afterPropertiesSet(FlywayMigrationInitializer.java:66)
	at org.springframework.beans.factory.support.AbstractAutowireCapableBeanFactory.invokeInitMethods(AbstractAutowireCapableBeanFactory.java:1835)
	at org.springframework.beans.factory.support.AbstractAutowireCapableBeanFactory.initializeBean(AbstractAutowireCapableBeanFactory.java:1784)
	... 95 common frames omitted
Caused by: com.mysql.cj.jdbc.exceptions.CommunicationsException: Communications link failure

The last packet sent successfully to the server was 0 milliseconds ago. The driver has not received any packets from the server.
	at com.mysql.cj.jdbc.exceptions.SQLError.createCommunicationsException(SQLError.java:174)
	at com.mysql.cj.jdbc.exceptions.SQLExceptionsMapping.translateException(SQLExceptionsMapping.java:64)
	at com.mysql.cj.jdbc.ConnectionImpl.createNewIO(ConnectionImpl.java:815)
	at com.mysql.cj.jdbc.ConnectionImpl.<init>(ConnectionImpl.java:438)
	at com.mysql.cj.jdbc.ConnectionImpl.getInstance(ConnectionImpl.java:241)
	at com.mysql.cj.jdbc.NonRegisteringDriver.connect(NonRegisteringDriver.java:189)
	at com.zaxxer.hikari.util.DriverDataSource.getConnection(DriverDataSource.java:137)
	at com.zaxxer.hikari.pool.PoolBase.newConnection(PoolBase.java:360)
	at com.zaxxer.hikari.pool.PoolBase.newPoolEntry(PoolBase.java:202)
	at com.zaxxer.hikari.pool.HikariPool.createPoolEntry(HikariPool.java:461)
	at com.zaxxer.hikari.pool.HikariPool.checkFailFast(HikariPool.java:550)
	at com.zaxxer.hikari.pool.HikariPool.<init>(HikariPool.java:98)
	at com.zaxxer.hikari.HikariDataSource.getConnection(HikariDataSource.java:111)
	at org.flywaydb.core.internal.jdbc.JdbcUtils.openConnection(JdbcUtils.java:48)
	... 101 common frames omitted
Caused by: com.mysql.cj.exceptions.CJCommunicationsException: Communications link failure

The last packet sent successfully to the server was 0 milliseconds ago. The driver has not received any packets from the server.
	at java.base/jdk.internal.reflect.DirectConstructorHandleAccessor.newInstance(DirectConstructorHandleAccessor.java:62)
	at java.base/java.lang.reflect.Constructor.newInstanceWithCaller(Constructor.java:502)
	at java.base/java.lang.reflect.Constructor.newInstance(Constructor.java:486)
	at com.mysql.cj.exceptions.ExceptionFactory.createException(ExceptionFactory.java:61)
	at com.mysql.cj.exceptions.ExceptionFactory.createException(ExceptionFactory.java:104)
	at com.mysql.cj.exceptions.ExceptionFactory.createException(ExceptionFactory.java:149)
	at com.mysql.cj.exceptions.ExceptionFactory.createCommunicationsException(ExceptionFactory.java:165)
	at com.mysql.cj.protocol.a.NativeSocketConnection.connect(NativeSocketConnection.java:88)
	at com.mysql.cj.NativeSession.connect(NativeSession.java:120)
	at com.mysql.cj.jdbc.ConnectionImpl.connectOneTryOnly(ConnectionImpl.java:935)
	at com.mysql.cj.jdbc.ConnectionImpl.createNewIO(ConnectionImpl.java:805)
	... 112 common frames omitted
Caused by: java.net.UnknownHostException: school-mysql
	at java.base/java.net.InetAddress$CachedLookup.get(InetAddress.java:988)
	at java.base/java.net.InetAddress.getAllByName0(InetAddress.java:1818)
	at java.base/java.net.InetAddress.getAllByName(InetAddress.java:1688)
	at com.mysql.cj.protocol.StandardSocketFactory.connect(StandardSocketFactory.java:130)
	at com.mysql.cj.protocol.a.NativeSocketConnection.connect(NativeSocketConnection.java:62)
	... 115 common frames omitted
2026-05-17 17:49:42,441 WARN o.s.t.c.TestContextManager [main] Caught exception while allowing TestExecutionListener [org.springframework.test.context.web.ServletTestExecutionListener] to prepare test instance [com.shinepublicschool.ShinePublicSchoolWebAppApplicationTests@1feb76b9]
java.lang.IllegalStateException: Failed to load ApplicationContext for [WebMergedContextConfiguration@4acc27fd testClass = com.shinepublicschool.ShinePublicSchoolWebAppApplicationTests, locations = [], classes = [com.shinepublicschool.ShinePublicSchoolWebAppApplication], contextInitializerClasses = [], activeProfiles = [], propertySourceDescriptors = [], propertySourceProperties = ["org.springframework.boot.test.context.SpringBootTestContextBootstrapper=true"], contextCustomizers = [org.springframework.boot.test.context.filter.ExcludeFilterContextCustomizer@294e5088, org.springframework.boot.test.json.DuplicateJsonObjectContextCustomizerFactory$DuplicateJsonObjectContextCustomizer@31000e60, org.springframework.boot.test.mock.mockito.MockitoContextCustomizer@0, org.springframework.boot.test.web.client.TestRestTemplateContextCustomizer@64ba3208, org.springframework.boot.test.web.reactive.server.WebTestClientContextCustomizer@1d131e1b, org.springframework.boot.test.autoconfigure.actuate.observability.ObservabilityContextCustomizerFactory$DisableObservabilityContextCustomizer@1f, org.springframework.boot.test.autoconfigure.properties.PropertyMappingContextCustomizer@0, org.springframework.boot.test.autoconfigure.web.servlet.WebDriverContextCustomizer@4d722ac9, org.springframework.boot.test.context.SpringBootTestAnnotation@c557cb78], resourceBasePath = "src/main/webapp", contextLoader = org.springframework.boot.test.context.SpringBootContextLoader, parent = null]
	at org.springframework.test.context.cache.DefaultCacheAwareContextLoaderDelegate.loadContext(DefaultCacheAwareContextLoaderDelegate.java:180)
	at org.springframework.test.context.support.DefaultTestContext.getApplicationContext(DefaultTestContext.java:130)
	at org.springframework.test.context.web.ServletTestExecutionListener.setUpRequestContextIfNecessary(ServletTestExecutionListener.java:191)
	at org.springframework.test.context.web.ServletTestExecutionListener.prepareTestInstance(ServletTestExecutionListener.java:130)
	at org.springframework.test.context.TestContextManager.prepareTestInstance(TestContextManager.java:260)
	at org.springframework.test.context.junit.jupiter.SpringExtension.postProcessTestInstance(SpringExtension.java:163)
	at org.junit.jupiter.engine.descriptor.ClassBasedTestDescriptor.lambda$invokeTestInstancePostProcessors$10(ClassBasedTestDescriptor.java:378)
	at org.junit.jupiter.engine.descriptor.ClassBasedTestDescriptor.executeAndMaskThrowable(ClassBasedTestDescriptor.java:383)
	at org.junit.jupiter.engine.descriptor.ClassBasedTestDescriptor.lambda$invokeTestInstancePostProcessors$11(ClassBasedTestDescriptor.java:378)
	at java.base/java.util.stream.ReferencePipeline$3$1.accept(ReferencePipeline.java:197)
	at java.base/java.util.stream.ReferencePipeline$2$1.accept(ReferencePipeline.java:179)
	at java.base/java.util.ArrayList$ArrayListSpliterator.forEachRemaining(ArrayList.java:1708)
	at java.base/java.util.stream.AbstractPipeline.copyInto(AbstractPipeline.java:509)
	at java.base/java.util.stream.AbstractPipeline.wrapAndCopyInto(AbstractPipeline.java:499)
	at java.base/java.util.stream.StreamSpliterators$WrappingSpliterator.forEachRemaining(StreamSpliterators.java:310)
	at java.base/java.util.stream.Streams$ConcatSpliterator.forEachRemaining(Streams.java:735)
	at java.base/java.util.stream.Streams$ConcatSpliterator.forEachRemaining(Streams.java:734)
	at java.base/java.util.stream.ReferencePipeline$Head.forEach(ReferencePipeline.java:762)
	at org.junit.jupiter.engine.descriptor.ClassBasedTestDescriptor.invokeTestInstancePostProcessors(ClassBasedTestDescriptor.java:377)
	at org.junit.jupiter.engine.descriptor.ClassBasedTestDescriptor.lambda$instantiateAndPostProcessTestInstance$6(ClassBasedTestDescriptor.java:290)
	at org.junit.platform.engine.support.hierarchical.ThrowableCollector.execute(ThrowableCollector.java:73)
	at org.junit.jupiter.engine.descriptor.ClassBasedTestDescriptor.instantiateAndPostProcessTestInstance(ClassBasedTestDescriptor.java:289)
	at org.junit.jupiter.engine.descriptor.ClassBasedTestDescriptor.lambda$testInstancesProvider$4(ClassBasedTestDescriptor.java:279)
	at java.base/java.util.Optional.orElseGet(Optional.java:364)
	at org.junit.jupiter.engine.descriptor.ClassBasedTestDescriptor.lambda$testInstancesProvider$5(ClassBasedTestDescriptor.java:278)
	at org.junit.jupiter.engine.execution.TestInstancesProvider.getTestInstances(TestInstancesProvider.java:31)
	at org.junit.jupiter.engine.descriptor.TestMethodTestDescriptor.lambda$prepare$0(TestMethodTestDescriptor.java:106)
	at org.junit.platform.engine.support.hierarchical.ThrowableCollector.execute(ThrowableCollector.java:73)
	at org.junit.jupiter.engine.descriptor.TestMethodTestDescriptor.prepare(TestMethodTestDescriptor.java:105)
	at org.junit.jupiter.engine.descriptor.TestMethodTestDescriptor.prepare(TestMethodTestDescriptor.java:69)
	at org.junit.platform.engine.support.hierarchical.NodeTestTask.lambda$prepare$2(NodeTestTask.java:123)
	at org.junit.platform.engine.support.hierarchical.ThrowableCollector.execute(ThrowableCollector.java:73)
	at org.junit.platform.engine.support.hierarchical.NodeTestTask.prepare(NodeTestTask.java:123)
	at org.junit.platform.engine.support.hierarchical.NodeTestTask.execute(NodeTestTask.java:90)
	at java.base/java.util.ArrayList.forEach(ArrayList.java:1596)
	at org.junit.platform.engine.support.hierarchical.SameThreadHierarchicalTestExecutorService.invokeAll(SameThreadHierarchicalTestExecutorService.java:41)
	at org.junit.platform.engine.support.hierarchical.NodeTestTask.lambda$executeRecursively$6(NodeTestTask.java:155)
	at org.junit.platform.engine.support.hierarchical.ThrowableCollector.execute(ThrowableCollector.java:73)
	at org.junit.platform.engine.support.hierarchical.NodeTestTask.lambda$executeRecursively$8(NodeTestTask.java:141)
	at org.junit.platform.engine.support.hierarchical.Node.around(Node.java:137)
	at org.junit.platform.engine.support.hierarchical.NodeTestTask.lambda$executeRecursively$9(NodeTestTask.java:139)
	at org.junit.platform.engine.support.hierarchical.ThrowableCollector.execute(ThrowableCollector.java:73)
	at org.junit.platform.engine.support.hierarchical.NodeTestTask.executeRecursively(NodeTestTask.java:138)
	at org.junit.platform.engine.support.hierarchical.NodeTestTask.execute(NodeTestTask.java:95)
	at java.base/java.util.ArrayList.forEach(ArrayList.java:1596)
	at org.junit.platform.engine.support.hierarchical.SameThreadHierarchicalTestExecutorService.invokeAll(SameThreadHierarchicalTestExecutorService.java:41)
	at org.junit.platform.engine.support.hierarchical.NodeTestTask.lambda$executeRecursively$6(NodeTestTask.java:155)
	at org.junit.platform.engine.support.hierarchical.ThrowableCollector.execute(ThrowableCollector.java:73)
	at org.junit.platform.engine.support.hierarchical.NodeTestTask.lambda$executeRecursively$8(NodeTestTask.java:141)
	at org.junit.platform.engine.support.hierarchical.Node.around(Node.java:137)
	at org.junit.platform.engine.support.hierarchical.NodeTestTask.lambda$executeRecursively$9(NodeTestTask.java:139)
	at org.junit.platform.engine.support.hierarchical.ThrowableCollector.execute(ThrowableCollector.java:73)
	at org.junit.platform.engine.support.hierarchical.NodeTestTask.executeRecursively(NodeTestTask.java:138)
	at org.junit.platform.engine.support.hierarchical.NodeTestTask.execute(NodeTestTask.java:95)
	at org.junit.platform.engine.support.hierarchical.SameThreadHierarchicalTestExecutorService.submit(SameThreadHierarchicalTestExecutorService.java:35)
	at org.junit.platform.engine.support.hierarchical.HierarchicalTestExecutor.execute(HierarchicalTestExecutor.java:57)
	at org.junit.platform.engine.support.hierarchical.HierarchicalTestEngine.execute(HierarchicalTestEngine.java:54)
	at org.junit.platform.launcher.core.EngineExecutionOrchestrator.execute(EngineExecutionOrchestrator.java:198)
	at org.junit.platform.launcher.core.EngineExecutionOrchestrator.execute(EngineExecutionOrchestrator.java:169)
	at org.junit.platform.launcher.core.EngineExecutionOrchestrator.execute(EngineExecutionOrchestrator.java:93)
	at org.junit.platform.launcher.core.EngineExecutionOrchestrator.lambda$execute$0(EngineExecutionOrchestrator.java:58)
	at org.junit.platform.launcher.core.EngineExecutionOrchestrator.withInterceptedStreams(EngineExecutionOrchestrator.java:141)
	at org.junit.platform.launcher.core.EngineExecutionOrchestrator.execute(EngineExecutionOrchestrator.java:57)
	at org.junit.platform.launcher.core.DefaultLauncher.execute(DefaultLauncher.java:103)
	at org.junit.platform.launcher.core.DefaultLauncher.execute(DefaultLauncher.java:85)
	at org.junit.platform.launcher.core.DelegatingLauncher.execute(DelegatingLauncher.java:47)
	at org.apache.maven.surefire.junitplatform.LazyLauncher.execute(LazyLauncher.java:56)
	at org.apache.maven.surefire.junitplatform.JUnitPlatformProvider.execute(JUnitPlatformProvider.java:184)
	at org.apache.maven.surefire.junitplatform.JUnitPlatformProvider.invokeAllTests(JUnitPlatformProvider.java:148)
	at org.apache.maven.surefire.junitplatform.JUnitPlatformProvider.invoke(JUnitPlatformProvider.java:122)
	at org.apache.maven.surefire.booter.ForkedBooter.runSuitesInProcess(ForkedBooter.java:385)
	at org.apache.maven.surefire.booter.ForkedBooter.execute(ForkedBooter.java:162)
	at org.apache.maven.surefire.booter.ForkedBooter.run(ForkedBooter.java:507)
	at org.apache.maven.surefire.booter.ForkedBooter.main(ForkedBooter.java:495)
Caused by: org.springframework.beans.factory.BeanCreationException: Error creating bean with name 'entityManagerFactory' defined in class path resource [org/springframework/boot/autoconfigure/orm/jpa/HibernateJpaConfiguration.class]: Failed to initialize dependency 'flywayInitializer' of LoadTimeWeaverAware bean 'entityManagerFactory': Error creating bean with name 'flywayInitializer' defined in class path resource [org/springframework/boot/autoconfigure/flyway/FlywayAutoConfiguration$FlywayConfiguration.class]: Unable to obtain connection from database: Communications link failure

The last packet sent successfully to the server was 0 milliseconds ago. The driver has not received any packets from the server.
--------------------------------------------------------------------------------------------------------------------------------------------------------------------------------------------------------
SQL State  : 08S01
Error Code : 0
Message    : Communications link failure

The last packet sent successfully to the server was 0 milliseconds ago. The driver has not received any packets from the server.

	at org.springframework.beans.factory.support.AbstractBeanFactory.doGetBean(AbstractBeanFactory.java:326)
	at org.springframework.beans.factory.support.AbstractBeanFactory.getBean(AbstractBeanFactory.java:205)
	at org.springframework.context.support.AbstractApplicationContext.finishBeanFactoryInitialization(AbstractApplicationContext.java:952)
	at org.springframework.context.support.AbstractApplicationContext.refresh(AbstractApplicationContext.java:624)
	at org.springframework.boot.SpringApplication.refresh(SpringApplication.java:754)
	at org.springframework.boot.SpringApplication.refreshContext(SpringApplication.java:456)
	at org.springframework.boot.SpringApplication.run(SpringApplication.java:335)
	at org.springframework.boot.test.context.SpringBootContextLoader.lambda$loadContext$3(SpringBootContextLoader.java:137)
	at org.springframework.util.function.ThrowingSupplier.get(ThrowingSupplier.java:58)
	at org.springframework.util.function.ThrowingSupplier.get(ThrowingSupplier.java:46)
	at org.springframework.boot.SpringApplication.withHook(SpringApplication.java:1463)
	at org.springframework.boot.test.context.SpringBootContextLoader$ContextLoaderHook.run(SpringBootContextLoader.java:553)
	at org.springframework.boot.test.context.SpringBootContextLoader.loadContext(SpringBootContextLoader.java:137)
	at org.springframework.boot.test.context.SpringBootContextLoader.loadContext(SpringBootContextLoader.java:108)
	at org.springframework.test.context.cache.DefaultCacheAwareContextLoaderDelegate.loadContextInternal(DefaultCacheAwareContextLoaderDelegate.java:225)
	at org.springframework.test.context.cache.DefaultCacheAwareContextLoaderDelegate.loadContext(DefaultCacheAwareContextLoaderDelegate.java:152)
	... 73 common frames omitted
Caused by: org.springframework.beans.factory.BeanCreationException: Error creating bean with name 'flywayInitializer' defined in class path resource [org/springframework/boot/autoconfigure/flyway/FlywayAutoConfiguration$FlywayConfiguration.class]: Unable to obtain connection from database: Communications link failure

The last packet sent successfully to the server was 0 milliseconds ago. The driver has not received any packets from the server.
--------------------------------------------------------------------------------------------------------------------------------------------------------------------------------------------------------
SQL State  : 08S01
Error Code : 0
Message    : Communications link failure

The last packet sent successfully to the server was 0 milliseconds ago. The driver has not received any packets from the server.

	at org.springframework.beans.factory.support.AbstractAutowireCapableBeanFactory.initializeBean(AbstractAutowireCapableBeanFactory.java:1788)
	at org.springframework.beans.factory.support.AbstractAutowireCapableBeanFactory.doCreateBean(AbstractAutowireCapableBeanFactory.java:600)
	at org.springframework.beans.factory.support.AbstractAutowireCapableBeanFactory.createBean(AbstractAutowireCapableBeanFactory.java:522)
	at org.springframework.beans.factory.support.AbstractBeanFactory.lambda$doGetBean$0(AbstractBeanFactory.java:337)
	at org.springframework.beans.factory.support.DefaultSingletonBeanRegistry.getSingleton(DefaultSingletonBeanRegistry.java:234)
	at org.springframework.beans.factory.support.AbstractBeanFactory.doGetBean(AbstractBeanFactory.java:335)
	at org.springframework.beans.factory.support.AbstractBeanFactory.getBean(AbstractBeanFactory.java:200)
	at org.springframework.beans.factory.support.AbstractBeanFactory.doGetBean(AbstractBeanFactory.java:313)
	... 88 common frames omitted
Caused by: org.flywaydb.core.internal.exception.FlywaySqlException: Unable to obtain connection from database: Communications link failure

The last packet sent successfully to the server was 0 milliseconds ago. The driver has not received any packets from the server.
--------------------------------------------------------------------------------------------------------------------------------------------------------------------------------------------------------
SQL State  : 08S01
Error Code : 0
Message    : Communications link failure

The last packet sent successfully to the server was 0 milliseconds ago. The driver has not received any packets from the server.

	at org.flywaydb.core.internal.jdbc.JdbcUtils.openConnection(JdbcUtils.java:60)
	at org.flywaydb.core.internal.jdbc.JdbcConnectionFactory.<init>(JdbcConnectionFactory.java:72)
	at org.flywaydb.core.FlywayExecutor.execute(FlywayExecutor.java:134)
	at org.flywaydb.core.Flyway.migrate(Flyway.java:147)
	at org.springframework.boot.autoconfigure.flyway.FlywayMigrationInitializer.afterPropertiesSet(FlywayMigrationInitializer.java:66)
	at org.springframework.beans.factory.support.AbstractAutowireCapableBeanFactory.invokeInitMethods(AbstractAutowireCapableBeanFactory.java:1835)
	at org.springframework.beans.factory.support.AbstractAutowireCapableBeanFactory.initializeBean(AbstractAutowireCapableBeanFactory.java:1784)
	... 95 common frames omitted
Caused by: com.mysql.cj.jdbc.exceptions.CommunicationsException: Communications link failure

The last packet sent successfully to the server was 0 milliseconds ago. The driver has not received any packets from the server.
	at com.mysql.cj.jdbc.exceptions.SQLError.createCommunicationsException(SQLError.java:174)
	at com.mysql.cj.jdbc.exceptions.SQLExceptionsMapping.translateException(SQLExceptionsMapping.java:64)
	at com.mysql.cj.jdbc.ConnectionImpl.createNewIO(ConnectionImpl.java:815)
	at com.mysql.cj.jdbc.ConnectionImpl.<init>(ConnectionImpl.java:438)
	at com.mysql.cj.jdbc.ConnectionImpl.getInstance(ConnectionImpl.java:241)
	at com.mysql.cj.jdbc.NonRegisteringDriver.connect(NonRegisteringDriver.java:189)
	at com.zaxxer.hikari.util.DriverDataSource.getConnection(DriverDataSource.java:137)
	at com.zaxxer.hikari.pool.PoolBase.newConnection(PoolBase.java:360)
	at com.zaxxer.hikari.pool.PoolBase.newPoolEntry(PoolBase.java:202)
	at com.zaxxer.hikari.pool.HikariPool.createPoolEntry(HikariPool.java:461)
	at com.zaxxer.hikari.pool.HikariPool.checkFailFast(HikariPool.java:550)
	at com.zaxxer.hikari.pool.HikariPool.<init>(HikariPool.java:98)
	at com.zaxxer.hikari.HikariDataSource.getConnection(HikariDataSource.java:111)
	at org.flywaydb.core.internal.jdbc.JdbcUtils.openConnection(JdbcUtils.java:48)
	... 101 common frames omitted
Caused by: com.mysql.cj.exceptions.CJCommunicationsException: Communications link failure

The last packet sent successfully to the server was 0 milliseconds ago. The driver has not received any packets from the server.
	at java.base/jdk.internal.reflect.DirectConstructorHandleAccessor.newInstance(DirectConstructorHandleAccessor.java:62)
	at java.base/java.lang.reflect.Constructor.newInstanceWithCaller(Constructor.java:502)
	at java.base/java.lang.reflect.Constructor.newInstance(Constructor.java:486)
	at com.mysql.cj.exceptions.ExceptionFactory.createException(ExceptionFactory.java:61)
	at com.mysql.cj.exceptions.ExceptionFactory.createException(ExceptionFactory.java:104)
	at com.mysql.cj.exceptions.ExceptionFactory.createException(ExceptionFactory.java:149)
	at com.mysql.cj.exceptions.ExceptionFactory.createCommunicationsException(ExceptionFactory.java:165)
	at com.mysql.cj.protocol.a.NativeSocketConnection.connect(NativeSocketConnection.java:88)
	at com.mysql.cj.NativeSession.connect(NativeSession.java:120)
	at com.mysql.cj.jdbc.ConnectionImpl.connectOneTryOnly(ConnectionImpl.java:935)
	at com.mysql.cj.jdbc.ConnectionImpl.createNewIO(ConnectionImpl.java:805)
	... 112 common frames omitted
Caused by: java.net.UnknownHostException: school-mysql
	at java.base/java.net.InetAddress$CachedLookup.get(InetAddress.java:988)
	at java.base/java.net.InetAddress.getAllByName0(InetAddress.java:1818)
	at java.base/java.net.InetAddress.getAllByName(InetAddress.java:1688)
	at com.mysql.cj.protocol.StandardSocketFactory.connect(StandardSocketFactory.java:130)
	at com.mysql.cj.protocol.a.NativeSocketConnection.connect(NativeSocketConnection.java:62)
	... 115 common frames omitted
2026-05-17 17:52:54,971 INFO o.s.t.c.s.AnnotationConfigContextLoaderUtils [main] Could not detect default configuration classes for test class [com.shinepublicschool.ShinePublicSchoolWebAppApplicationTests]: ShinePublicSchoolWebAppApplicationTests does not declare any static, non-private, non-final, nested classes annotated with @Configuration.
2026-05-17 17:52:55,083 INFO o.s.b.t.c.SpringBootTestContextBootstrapper [main] Found @SpringBootConfiguration com.shinepublicschool.ShinePublicSchoolWebAppApplication for test class com.shinepublicschool.ShinePublicSchoolWebAppApplicationTests
2026-05-17 17:52:55,205 INFO o.s.b.d.r.RestartApplicationListener [main] Restart disabled due to context in which it is running
2026-05-17 17:52:55,406 INFO o.h.v.i.u.Version [background-preinit] HV000001: Hibernate Validator 8.0.1.Final
2026-05-17 17:52:56,200 INFO o.s.d.r.c.RepositoryConfigurationDelegate [main] Bootstrapping Spring Data JPA repositories in DEFAULT mode.
2026-05-17 17:52:56,301 INFO o.s.d.r.c.RepositoryConfigurationDelegate [main] Finished Spring Data repository scanning in 94 ms. Found 7 JPA repository interfaces.
2026-05-17 17:52:57,025 INFO o.s.c.c.s.GenericScope [main] BeanFactory id=e4d78bc9-f1d7-37bb-aa72-a78d30131486
2026-05-17 17:52:57,429 WARN o.s.c.s.PostProcessorRegistrationDelegate$BeanPostProcessorChecker [main] Bean 'org.springframework.cloud.client.loadbalancer.LoadBalancerAutoConfiguration$DeferringLoadBalancerInterceptorConfig' of type [org.springframework.cloud.client.loadbalancer.LoadBalancerAutoConfiguration$DeferringLoadBalancerInterceptorConfig] is not eligible for getting processed by all BeanPostProcessors (for example: not eligible for auto-proxying). The currently created BeanPostProcessor [lbRestClientPostProcessor] is declared through a non-static factory method on that class; consider declaring it as static instead.
2026-05-17 17:52:57,433 WARN o.s.c.s.PostProcessorRegistrationDelegate$BeanPostProcessorChecker [main] Bean 'deferringLoadBalancerInterceptor' of type [org.springframework.cloud.client.loadbalancer.DeferringLoadBalancerInterceptor] is not eligible for getting processed by all BeanPostProcessors (for example: not eligible for auto-proxying). Is this bean getting eagerly injected into a currently created BeanPostProcessor [lbRestClientPostProcessor]? Check the corresponding BeanPostProcessor declaration and its dependencies.
2026-05-17 17:52:57,439 WARN o.s.c.s.PostProcessorRegistrationDelegate$BeanPostProcessorChecker [main] Bean 'org.springframework.cloud.client.loadbalancer.reactive.LoadBalancerBeanPostProcessorAutoConfiguration' of type [org.springframework.cloud.client.loadbalancer.reactive.LoadBalancerBeanPostProcessorAutoConfiguration] is not eligible for getting processed by all BeanPostProcessors (for example: not eligible for auto-proxying). The currently created BeanPostProcessor [loadBalancerWebClientBuilderBeanPostProcessor] is declared through a non-static factory method on that class; consider declaring it as static instead.
2026-05-17 17:52:57,441 WARN o.s.c.s.PostProcessorRegistrationDelegate$BeanPostProcessorChecker [main] Bean 'org.springframework.cloud.client.loadbalancer.reactive.LoadBalancerBeanPostProcessorAutoConfiguration$ReactorDeferringLoadBalancerFilterConfig' of type [org.springframework.cloud.client.loadbalancer.reactive.LoadBalancerBeanPostProcessorAutoConfiguration$ReactorDeferringLoadBalancerFilterConfig] is not eligible for getting processed by all BeanPostProcessors (for example: not eligible for auto-proxying). Is this bean getting eagerly injected into a currently created BeanPostProcessor [loadBalancerWebClientBuilderBeanPostProcessor]? Check the corresponding BeanPostProcessor declaration and its dependencies.
2026-05-17 17:52:57,443 WARN o.s.c.s.PostProcessorRegistrationDelegate$BeanPostProcessorChecker [main] Bean 'reactorDeferringLoadBalancerExchangeFilterFunction' of type [org.springframework.cloud.client.loadbalancer.reactive.DeferringLoadBalancerExchangeFilterFunction] is not eligible for getting processed by all BeanPostProcessors (for example: not eligible for auto-proxying). Is this bean getting eagerly injected into a currently created BeanPostProcessor [loadBalancerWebClientBuilderBeanPostProcessor]? Check the corresponding BeanPostProcessor declaration and its dependencies.
2026-05-17 17:52:57,774 INFO c.z.h.HikariDataSource [main] HikariPool-1 - Starting...
2026-05-17 17:53:01,590 INFO c.z.h.HikariDataSource [main] HikariPool-1 - Starting...
2026-05-17 17:53:02,607 INFO c.z.h.HikariDataSource [main] HikariPool-1 - Starting...
2026-05-17 17:53:03,628 WARN o.s.c.s.AbstractApplicationContext [main] Exception encountered during context initialization - cancelling refresh attempt: org.springframework.beans.factory.BeanCreationException: Error creating bean with name 'entityManagerFactory' defined in class path resource [org/springframework/boot/autoconfigure/orm/jpa/HibernateJpaConfiguration.class]: Failed to initialize dependency 'flywayInitializer' of LoadTimeWeaverAware bean 'entityManagerFactory': Error creating bean with name 'flywayInitializer' defined in class path resource [org/springframework/boot/autoconfigure/flyway/FlywayAutoConfiguration$FlywayConfiguration.class]: Unable to obtain connection from database: Communications link failure

The last packet sent successfully to the server was 0 milliseconds ago. The driver has not received any packets from the server.
--------------------------------------------------------------------------------------------------------------------------------------------------------------------------------------------------------
SQL State  : 08S01
Error Code : 0
Message    : Communications link failure

The last packet sent successfully to the server was 0 milliseconds ago. The driver has not received any packets from the server.

2026-05-17 17:53:03,640 INFO o.s.b.a.l.ConditionEvaluationReportLogger [main] 

Error starting ApplicationContext. To display the condition evaluation report re-run your application with 'debug' enabled.
2026-05-17 17:53:03,664 ERROR o.s.b.SpringApplication [main] Application run failed
org.springframework.beans.factory.BeanCreationException: Error creating bean with name 'entityManagerFactory' defined in class path resource [org/springframework/boot/autoconfigure/orm/jpa/HibernateJpaConfiguration.class]: Failed to initialize dependency 'flywayInitializer' of LoadTimeWeaverAware bean 'entityManagerFactory': Error creating bean with name 'flywayInitializer' defined in class path resource [org/springframework/boot/autoconfigure/flyway/FlywayAutoConfiguration$FlywayConfiguration.class]: Unable to obtain connection from database: Communications link failure

The last packet sent successfully to the server was 0 milliseconds ago. The driver has not received any packets from the server.
--------------------------------------------------------------------------------------------------------------------------------------------------------------------------------------------------------
SQL State  : 08S01
Error Code : 0
Message    : Communications link failure

The last packet sent successfully to the server was 0 milliseconds ago. The driver has not received any packets from the server.

	at org.springframework.beans.factory.support.AbstractBeanFactory.doGetBean(AbstractBeanFactory.java:326)
	at org.springframework.beans.factory.support.AbstractBeanFactory.getBean(AbstractBeanFactory.java:205)
	at org.springframework.context.support.AbstractApplicationContext.finishBeanFactoryInitialization(AbstractApplicationContext.java:952)
	at org.springframework.context.support.AbstractApplicationContext.refresh(AbstractApplicationContext.java:624)
	at org.springframework.boot.SpringApplication.refresh(SpringApplication.java:754)
	at org.springframework.boot.SpringApplication.refreshContext(SpringApplication.java:456)
	at org.springframework.boot.SpringApplication.run(SpringApplication.java:335)
	at org.springframework.boot.test.context.SpringBootContextLoader.lambda$loadContext$3(SpringBootContextLoader.java:137)
	at org.springframework.util.function.ThrowingSupplier.get(ThrowingSupplier.java:58)
	at org.springframework.util.function.ThrowingSupplier.get(ThrowingSupplier.java:46)
	at org.springframework.boot.SpringApplication.withHook(SpringApplication.java:1463)
	at org.springframework.boot.test.context.SpringBootContextLoader$ContextLoaderHook.run(SpringBootContextLoader.java:553)
	at org.springframework.boot.test.context.SpringBootContextLoader.loadContext(SpringBootContextLoader.java:137)
	at org.springframework.boot.test.context.SpringBootContextLoader.loadContext(SpringBootContextLoader.java:108)
	at org.springframework.test.context.cache.DefaultCacheAwareContextLoaderDelegate.loadContextInternal(DefaultCacheAwareContextLoaderDelegate.java:225)
	at org.springframework.test.context.cache.DefaultCacheAwareContextLoaderDelegate.loadContext(DefaultCacheAwareContextLoaderDelegate.java:152)
	at org.springframework.test.context.support.DefaultTestContext.getApplicationContext(DefaultTestContext.java:130)
	at org.springframework.test.context.web.ServletTestExecutionListener.setUpRequestContextIfNecessary(ServletTestExecutionListener.java:191)
	at org.springframework.test.context.web.ServletTestExecutionListener.prepareTestInstance(ServletTestExecutionListener.java:130)
	at org.springframework.test.context.TestContextManager.prepareTestInstance(TestContextManager.java:260)
	at org.springframework.test.context.junit.jupiter.SpringExtension.postProcessTestInstance(SpringExtension.java:163)
	at org.junit.jupiter.engine.descriptor.ClassBasedTestDescriptor.lambda$invokeTestInstancePostProcessors$10(ClassBasedTestDescriptor.java:378)
	at org.junit.jupiter.engine.descriptor.ClassBasedTestDescriptor.executeAndMaskThrowable(ClassBasedTestDescriptor.java:383)
	at org.junit.jupiter.engine.descriptor.ClassBasedTestDescriptor.lambda$invokeTestInstancePostProcessors$11(ClassBasedTestDescriptor.java:378)
	at java.base/java.util.stream.ReferencePipeline$3$1.accept(ReferencePipeline.java:197)
	at java.base/java.util.stream.ReferencePipeline$2$1.accept(ReferencePipeline.java:179)
	at java.base/java.util.ArrayList$ArrayListSpliterator.forEachRemaining(ArrayList.java:1708)
	at java.base/java.util.stream.AbstractPipeline.copyInto(AbstractPipeline.java:509)
	at java.base/java.util.stream.AbstractPipeline.wrapAndCopyInto(AbstractPipeline.java:499)
	at java.base/java.util.stream.StreamSpliterators$WrappingSpliterator.forEachRemaining(StreamSpliterators.java:310)
	at java.base/java.util.stream.Streams$ConcatSpliterator.forEachRemaining(Streams.java:735)
	at java.base/java.util.stream.Streams$ConcatSpliterator.forEachRemaining(Streams.java:734)
	at java.base/java.util.stream.ReferencePipeline$Head.forEach(ReferencePipeline.java:762)
	at org.junit.jupiter.engine.descriptor.ClassBasedTestDescriptor.invokeTestInstancePostProcessors(ClassBasedTestDescriptor.java:377)
	at org.junit.jupiter.engine.descriptor.ClassBasedTestDescriptor.lambda$instantiateAndPostProcessTestInstance$6(ClassBasedTestDescriptor.java:290)
	at org.junit.platform.engine.support.hierarchical.ThrowableCollector.execute(ThrowableCollector.java:73)
	at org.junit.jupiter.engine.descriptor.ClassBasedTestDescriptor.instantiateAndPostProcessTestInstance(ClassBasedTestDescriptor.java:289)
	at org.junit.jupiter.engine.descriptor.ClassBasedTestDescriptor.lambda$testInstancesProvider$4(ClassBasedTestDescriptor.java:279)
	at java.base/java.util.Optional.orElseGet(Optional.java:364)
	at org.junit.jupiter.engine.descriptor.ClassBasedTestDescriptor.lambda$testInstancesProvider$5(ClassBasedTestDescriptor.java:278)
	at org.junit.jupiter.engine.execution.TestInstancesProvider.getTestInstances(TestInstancesProvider.java:31)
	at org.junit.jupiter.engine.descriptor.TestMethodTestDescriptor.lambda$prepare$0(TestMethodTestDescriptor.java:106)
	at org.junit.platform.engine.support.hierarchical.ThrowableCollector.execute(ThrowableCollector.java:73)
	at org.junit.jupiter.engine.descriptor.TestMethodTestDescriptor.prepare(TestMethodTestDescriptor.java:105)
	at org.junit.jupiter.engine.descriptor.TestMethodTestDescriptor.prepare(TestMethodTestDescriptor.java:69)
	at org.junit.platform.engine.support.hierarchical.NodeTestTask.lambda$prepare$2(NodeTestTask.java:123)
	at org.junit.platform.engine.support.hierarchical.ThrowableCollector.execute(ThrowableCollector.java:73)
	at org.junit.platform.engine.support.hierarchical.NodeTestTask.prepare(NodeTestTask.java:123)
	at org.junit.platform.engine.support.hierarchical.NodeTestTask.execute(NodeTestTask.java:90)
	at java.base/java.util.ArrayList.forEach(ArrayList.java:1596)
	at org.junit.platform.engine.support.hierarchical.SameThreadHierarchicalTestExecutorService.invokeAll(SameThreadHierarchicalTestExecutorService.java:41)
	at org.junit.platform.engine.support.hierarchical.NodeTestTask.lambda$executeRecursively$6(NodeTestTask.java:155)
	at org.junit.platform.engine.support.hierarchical.ThrowableCollector.execute(ThrowableCollector.java:73)
	at org.junit.platform.engine.support.hierarchical.NodeTestTask.lambda$executeRecursively$8(NodeTestTask.java:141)
	at org.junit.platform.engine.support.hierarchical.Node.around(Node.java:137)
	at org.junit.platform.engine.support.hierarchical.NodeTestTask.lambda$executeRecursively$9(NodeTestTask.java:139)
	at org.junit.platform.engine.support.hierarchical.ThrowableCollector.execute(ThrowableCollector.java:73)
	at org.junit.platform.engine.support.hierarchical.NodeTestTask.executeRecursively(NodeTestTask.java:138)
	at org.junit.platform.engine.support.hierarchical.NodeTestTask.execute(NodeTestTask.java:95)
	at java.base/java.util.ArrayList.forEach(ArrayList.java:1596)
	at org.junit.platform.engine.support.hierarchical.SameThreadHierarchicalTestExecutorService.invokeAll(SameThreadHierarchicalTestExecutorService.java:41)
	at org.junit.platform.engine.support.hierarchical.NodeTestTask.lambda$executeRecursively$6(NodeTestTask.java:155)
	at org.junit.platform.engine.support.hierarchical.ThrowableCollector.execute(ThrowableCollector.java:73)
	at org.junit.platform.engine.support.hierarchical.NodeTestTask.lambda$executeRecursively$8(NodeTestTask.java:141)
	at org.junit.platform.engine.support.hierarchical.Node.around(Node.java:137)
	at org.junit.platform.engine.support.hierarchical.NodeTestTask.lambda$executeRecursively$9(NodeTestTask.java:139)
	at org.junit.platform.engine.support.hierarchical.ThrowableCollector.execute(ThrowableCollector.java:73)
	at org.junit.platform.engine.support.hierarchical.NodeTestTask.executeRecursively(NodeTestTask.java:138)
	at org.junit.platform.engine.support.hierarchical.NodeTestTask.execute(NodeTestTask.java:95)
	at org.junit.platform.engine.support.hierarchical.SameThreadHierarchicalTestExecutorService.submit(SameThreadHierarchicalTestExecutorService.java:35)
	at org.junit.platform.engine.support.hierarchical.HierarchicalTestExecutor.execute(HierarchicalTestExecutor.java:57)
	at org.junit.platform.engine.support.hierarchical.HierarchicalTestEngine.execute(HierarchicalTestEngine.java:54)
	at org.junit.platform.launcher.core.EngineExecutionOrchestrator.execute(EngineExecutionOrchestrator.java:198)
	at org.junit.platform.launcher.core.EngineExecutionOrchestrator.execute(EngineExecutionOrchestrator.java:169)
	at org.junit.platform.launcher.core.EngineExecutionOrchestrator.execute(EngineExecutionOrchestrator.java:93)
	at org.junit.platform.launcher.core.EngineExecutionOrchestrator.lambda$execute$0(EngineExecutionOrchestrator.java:58)
	at org.junit.platform.launcher.core.EngineExecutionOrchestrator.withInterceptedStreams(EngineExecutionOrchestrator.java:141)
	at org.junit.platform.launcher.core.EngineExecutionOrchestrator.execute(EngineExecutionOrchestrator.java:57)
	at org.junit.platform.launcher.core.DefaultLauncher.execute(DefaultLauncher.java:103)
	at org.junit.platform.launcher.core.DefaultLauncher.execute(DefaultLauncher.java:85)
	at org.junit.platform.launcher.core.DelegatingLauncher.execute(DelegatingLauncher.java:47)
	at org.apache.maven.surefire.junitplatform.LazyLauncher.execute(LazyLauncher.java:56)
	at org.apache.maven.surefire.junitplatform.JUnitPlatformProvider.execute(JUnitPlatformProvider.java:184)
	at org.apache.maven.surefire.junitplatform.JUnitPlatformProvider.invokeAllTests(JUnitPlatformProvider.java:148)
	at org.apache.maven.surefire.junitplatform.JUnitPlatformProvider.invoke(JUnitPlatformProvider.java:122)
	at org.apache.maven.surefire.booter.ForkedBooter.runSuitesInProcess(ForkedBooter.java:385)
	at org.apache.maven.surefire.booter.ForkedBooter.execute(ForkedBooter.java:162)
	at org.apache.maven.surefire.booter.ForkedBooter.run(ForkedBooter.java:507)
	at org.apache.maven.surefire.booter.ForkedBooter.main(ForkedBooter.java:495)
Caused by: org.springframework.beans.factory.BeanCreationException: Error creating bean with name 'flywayInitializer' defined in class path resource [org/springframework/boot/autoconfigure/flyway/FlywayAutoConfiguration$FlywayConfiguration.class]: Unable to obtain connection from database: Communications link failure

The last packet sent successfully to the server was 0 milliseconds ago. The driver has not received any packets from the server.
--------------------------------------------------------------------------------------------------------------------------------------------------------------------------------------------------------
SQL State  : 08S01
Error Code : 0
Message    : Communications link failure

The last packet sent successfully to the server was 0 milliseconds ago. The driver has not received any packets from the server.

	at org.springframework.beans.factory.support.AbstractAutowireCapableBeanFactory.initializeBean(AbstractAutowireCapableBeanFactory.java:1788)
	at org.springframework.beans.factory.support.AbstractAutowireCapableBeanFactory.doCreateBean(AbstractAutowireCapableBeanFactory.java:600)
	at org.springframework.beans.factory.support.AbstractAutowireCapableBeanFactory.createBean(AbstractAutowireCapableBeanFactory.java:522)
	at org.springframework.beans.factory.support.AbstractBeanFactory.lambda$doGetBean$0(AbstractBeanFactory.java:337)
	at org.springframework.beans.factory.support.DefaultSingletonBeanRegistry.getSingleton(DefaultSingletonBeanRegistry.java:234)
	at org.springframework.beans.factory.support.AbstractBeanFactory.doGetBean(AbstractBeanFactory.java:335)
	at org.springframework.beans.factory.support.AbstractBeanFactory.getBean(AbstractBeanFactory.java:200)
	at org.springframework.beans.factory.support.AbstractBeanFactory.doGetBean(AbstractBeanFactory.java:313)
	... 88 common frames omitted
Caused by: org.flywaydb.core.internal.exception.FlywaySqlException: Unable to obtain connection from database: Communications link failure

The last packet sent successfully to the server was 0 milliseconds ago. The driver has not received any packets from the server.
--------------------------------------------------------------------------------------------------------------------------------------------------------------------------------------------------------
SQL State  : 08S01
Error Code : 0
Message    : Communications link failure

The last packet sent successfully to the server was 0 milliseconds ago. The driver has not received any packets from the server.

	at org.flywaydb.core.internal.jdbc.JdbcUtils.openConnection(JdbcUtils.java:60)
	at org.flywaydb.core.internal.jdbc.JdbcConnectionFactory.<init>(JdbcConnectionFactory.java:72)
	at org.flywaydb.core.FlywayExecutor.execute(FlywayExecutor.java:134)
	at org.flywaydb.core.Flyway.migrate(Flyway.java:147)
	at org.springframework.boot.autoconfigure.flyway.FlywayMigrationInitializer.afterPropertiesSet(FlywayMigrationInitializer.java:66)
	at org.springframework.beans.factory.support.AbstractAutowireCapableBeanFactory.invokeInitMethods(AbstractAutowireCapableBeanFactory.java:1835)
	at org.springframework.beans.factory.support.AbstractAutowireCapableBeanFactory.initializeBean(AbstractAutowireCapableBeanFactory.java:1784)
	... 95 common frames omitted
Caused by: com.mysql.cj.jdbc.exceptions.CommunicationsException: Communications link failure

The last packet sent successfully to the server was 0 milliseconds ago. The driver has not received any packets from the server.
	at com.mysql.cj.jdbc.exceptions.SQLError.createCommunicationsException(SQLError.java:174)
	at com.mysql.cj.jdbc.exceptions.SQLExceptionsMapping.translateException(SQLExceptionsMapping.java:64)
	at com.mysql.cj.jdbc.ConnectionImpl.createNewIO(ConnectionImpl.java:815)
	at com.mysql.cj.jdbc.ConnectionImpl.<init>(ConnectionImpl.java:438)
	at com.mysql.cj.jdbc.ConnectionImpl.getInstance(ConnectionImpl.java:241)
	at com.mysql.cj.jdbc.NonRegisteringDriver.connect(NonRegisteringDriver.java:189)
	at com.zaxxer.hikari.util.DriverDataSource.getConnection(DriverDataSource.java:137)
	at com.zaxxer.hikari.pool.PoolBase.newConnection(PoolBase.java:360)
	at com.zaxxer.hikari.pool.PoolBase.newPoolEntry(PoolBase.java:202)
	at com.zaxxer.hikari.pool.HikariPool.createPoolEntry(HikariPool.java:461)
	at com.zaxxer.hikari.pool.HikariPool.checkFailFast(HikariPool.java:550)
	at com.zaxxer.hikari.pool.HikariPool.<init>(HikariPool.java:98)
	at com.zaxxer.hikari.HikariDataSource.getConnection(HikariDataSource.java:111)
	at org.flywaydb.core.internal.jdbc.JdbcUtils.openConnection(JdbcUtils.java:48)
	... 101 common frames omitted
Caused by: com.mysql.cj.exceptions.CJCommunicationsException: Communications link failure

The last packet sent successfully to the server was 0 milliseconds ago. The driver has not received any packets from the server.
	at java.base/jdk.internal.reflect.DirectConstructorHandleAccessor.newInstance(DirectConstructorHandleAccessor.java:62)
	at java.base/java.lang.reflect.Constructor.newInstanceWithCaller(Constructor.java:502)
	at java.base/java.lang.reflect.Constructor.newInstance(Constructor.java:486)
	at com.mysql.cj.exceptions.ExceptionFactory.createException(ExceptionFactory.java:61)
	at com.mysql.cj.exceptions.ExceptionFactory.createException(ExceptionFactory.java:104)
	at com.mysql.cj.exceptions.ExceptionFactory.createException(ExceptionFactory.java:149)
	at com.mysql.cj.exceptions.ExceptionFactory.createCommunicationsException(ExceptionFactory.java:165)
	at com.mysql.cj.protocol.a.NativeSocketConnection.connect(NativeSocketConnection.java:88)
	at com.mysql.cj.NativeSession.connect(NativeSession.java:120)
	at com.mysql.cj.jdbc.ConnectionImpl.connectOneTryOnly(ConnectionImpl.java:935)
	at com.mysql.cj.jdbc.ConnectionImpl.createNewIO(ConnectionImpl.java:805)
	... 112 common frames omitted
Caused by: java.net.UnknownHostException: school-mysql
	at java.base/java.net.InetAddress$CachedLookup.get(InetAddress.java:988)
	at java.base/java.net.InetAddress.getAllByName0(InetAddress.java:1818)
	at java.base/java.net.InetAddress.getAllByName(InetAddress.java:1688)
	at com.mysql.cj.protocol.StandardSocketFactory.connect(StandardSocketFactory.java:130)
	at com.mysql.cj.protocol.a.NativeSocketConnection.connect(NativeSocketConnection.java:62)
	... 115 common frames omitted
2026-05-17 17:53:03,673 WARN o.s.t.c.TestContextManager [main] Caught exception while allowing TestExecutionListener [org.springframework.test.context.web.ServletTestExecutionListener] to prepare test instance [com.shinepublicschool.ShinePublicSchoolWebAppApplicationTests@740ad32e]
java.lang.IllegalStateException: Failed to load ApplicationContext for [WebMergedContextConfiguration@9d2af36 testClass = com.shinepublicschool.ShinePublicSchoolWebAppApplicationTests, locations = [], classes = [com.shinepublicschool.ShinePublicSchoolWebAppApplication], contextInitializerClasses = [], activeProfiles = [], propertySourceDescriptors = [], propertySourceProperties = ["org.springframework.boot.test.context.SpringBootTestContextBootstrapper=true"], contextCustomizers = [org.springframework.boot.test.context.filter.ExcludeFilterContextCustomizer@294e5088, org.springframework.boot.test.json.DuplicateJsonObjectContextCustomizerFactory$DuplicateJsonObjectContextCustomizer@31000e60, org.springframework.boot.test.mock.mockito.MockitoContextCustomizer@0, org.springframework.boot.test.web.client.TestRestTemplateContextCustomizer@64ba3208, org.springframework.boot.test.web.reactive.server.WebTestClientContextCustomizer@1d131e1b, org.springframework.boot.test.autoconfigure.actuate.observability.ObservabilityContextCustomizerFactory$DisableObservabilityContextCustomizer@1f, org.springframework.boot.test.autoconfigure.properties.PropertyMappingContextCustomizer@0, org.springframework.boot.test.autoconfigure.web.servlet.WebDriverContextCustomizer@4d722ac9, org.springframework.boot.test.context.SpringBootTestAnnotation@c557cb78], resourceBasePath = "src/main/webapp", contextLoader = org.springframework.boot.test.context.SpringBootContextLoader, parent = null]
	at org.springframework.test.context.cache.DefaultCacheAwareContextLoaderDelegate.loadContext(DefaultCacheAwareContextLoaderDelegate.java:180)
	at org.springframework.test.context.support.DefaultTestContext.getApplicationContext(DefaultTestContext.java:130)
	at org.springframework.test.context.web.ServletTestExecutionListener.setUpRequestContextIfNecessary(ServletTestExecutionListener.java:191)
	at org.springframework.test.context.web.ServletTestExecutionListener.prepareTestInstance(ServletTestExecutionListener.java:130)
	at org.springframework.test.context.TestContextManager.prepareTestInstance(TestContextManager.java:260)
	at org.springframework.test.context.junit.jupiter.SpringExtension.postProcessTestInstance(SpringExtension.java:163)
	at org.junit.jupiter.engine.descriptor.ClassBasedTestDescriptor.lambda$invokeTestInstancePostProcessors$10(ClassBasedTestDescriptor.java:378)
	at org.junit.jupiter.engine.descriptor.ClassBasedTestDescriptor.executeAndMaskThrowable(ClassBasedTestDescriptor.java:383)
	at org.junit.jupiter.engine.descriptor.ClassBasedTestDescriptor.lambda$invokeTestInstancePostProcessors$11(ClassBasedTestDescriptor.java:378)
	at java.base/java.util.stream.ReferencePipeline$3$1.accept(ReferencePipeline.java:197)
	at java.base/java.util.stream.ReferencePipeline$2$1.accept(ReferencePipeline.java:179)
	at java.base/java.util.ArrayList$ArrayListSpliterator.forEachRemaining(ArrayList.java:1708)
	at java.base/java.util.stream.AbstractPipeline.copyInto(AbstractPipeline.java:509)
	at java.base/java.util.stream.AbstractPipeline.wrapAndCopyInto(AbstractPipeline.java:499)
	at java.base/java.util.stream.StreamSpliterators$WrappingSpliterator.forEachRemaining(StreamSpliterators.java:310)
	at java.base/java.util.stream.Streams$ConcatSpliterator.forEachRemaining(Streams.java:735)
	at java.base/java.util.stream.Streams$ConcatSpliterator.forEachRemaining(Streams.java:734)
	at java.base/java.util.stream.ReferencePipeline$Head.forEach(ReferencePipeline.java:762)
	at org.junit.jupiter.engine.descriptor.ClassBasedTestDescriptor.invokeTestInstancePostProcessors(ClassBasedTestDescriptor.java:377)
	at org.junit.jupiter.engine.descriptor.ClassBasedTestDescriptor.lambda$instantiateAndPostProcessTestInstance$6(ClassBasedTestDescriptor.java:290)
	at org.junit.platform.engine.support.hierarchical.ThrowableCollector.execute(ThrowableCollector.java:73)
	at org.junit.jupiter.engine.descriptor.ClassBasedTestDescriptor.instantiateAndPostProcessTestInstance(ClassBasedTestDescriptor.java:289)
	at org.junit.jupiter.engine.descriptor.ClassBasedTestDescriptor.lambda$testInstancesProvider$4(ClassBasedTestDescriptor.java:279)
	at java.base/java.util.Optional.orElseGet(Optional.java:364)
	at org.junit.jupiter.engine.descriptor.ClassBasedTestDescriptor.lambda$testInstancesProvider$5(ClassBasedTestDescriptor.java:278)
	at org.junit.jupiter.engine.execution.TestInstancesProvider.getTestInstances(TestInstancesProvider.java:31)
	at org.junit.jupiter.engine.descriptor.TestMethodTestDescriptor.lambda$prepare$0(TestMethodTestDescriptor.java:106)
	at org.junit.platform.engine.support.hierarchical.ThrowableCollector.execute(ThrowableCollector.java:73)
	at org.junit.jupiter.engine.descriptor.TestMethodTestDescriptor.prepare(TestMethodTestDescriptor.java:105)
	at org.junit.jupiter.engine.descriptor.TestMethodTestDescriptor.prepare(TestMethodTestDescriptor.java:69)
	at org.junit.platform.engine.support.hierarchical.NodeTestTask.lambda$prepare$2(NodeTestTask.java:123)
	at org.junit.platform.engine.support.hierarchical.ThrowableCollector.execute(ThrowableCollector.java:73)
	at org.junit.platform.engine.support.hierarchical.NodeTestTask.prepare(NodeTestTask.java:123)
	at org.junit.platform.engine.support.hierarchical.NodeTestTask.execute(NodeTestTask.java:90)
	at java.base/java.util.ArrayList.forEach(ArrayList.java:1596)
	at org.junit.platform.engine.support.hierarchical.SameThreadHierarchicalTestExecutorService.invokeAll(SameThreadHierarchicalTestExecutorService.java:41)
	at org.junit.platform.engine.support.hierarchical.NodeTestTask.lambda$executeRecursively$6(NodeTestTask.java:155)
	at org.junit.platform.engine.support.hierarchical.ThrowableCollector.execute(ThrowableCollector.java:73)
	at org.junit.platform.engine.support.hierarchical.NodeTestTask.lambda$executeRecursively$8(NodeTestTask.java:141)
	at org.junit.platform.engine.support.hierarchical.Node.around(Node.java:137)
	at org.junit.platform.engine.support.hierarchical.NodeTestTask.lambda$executeRecursively$9(NodeTestTask.java:139)
	at org.junit.platform.engine.support.hierarchical.ThrowableCollector.execute(ThrowableCollector.java:73)
	at org.junit.platform.engine.support.hierarchical.NodeTestTask.executeRecursively(NodeTestTask.java:138)
	at org.junit.platform.engine.support.hierarchical.NodeTestTask.execute(NodeTestTask.java:95)
	at java.base/java.util.ArrayList.forEach(ArrayList.java:1596)
	at org.junit.platform.engine.support.hierarchical.SameThreadHierarchicalTestExecutorService.invokeAll(SameThreadHierarchicalTestExecutorService.java:41)
	at org.junit.platform.engine.support.hierarchical.NodeTestTask.lambda$executeRecursively$6(NodeTestTask.java:155)
	at org.junit.platform.engine.support.hierarchical.ThrowableCollector.execute(ThrowableCollector.java:73)
	at org.junit.platform.engine.support.hierarchical.NodeTestTask.lambda$executeRecursively$8(NodeTestTask.java:141)
	at org.junit.platform.engine.support.hierarchical.Node.around(Node.java:137)
	at org.junit.platform.engine.support.hierarchical.NodeTestTask.lambda$executeRecursively$9(NodeTestTask.java:139)
	at org.junit.platform.engine.support.hierarchical.ThrowableCollector.execute(ThrowableCollector.java:73)
	at org.junit.platform.engine.support.hierarchical.NodeTestTask.executeRecursively(NodeTestTask.java:138)
	at org.junit.platform.engine.support.hierarchical.NodeTestTask.execute(NodeTestTask.java:95)
	at org.junit.platform.engine.support.hierarchical.SameThreadHierarchicalTestExecutorService.submit(SameThreadHierarchicalTestExecutorService.java:35)
	at org.junit.platform.engine.support.hierarchical.HierarchicalTestExecutor.execute(HierarchicalTestExecutor.java:57)
	at org.junit.platform.engine.support.hierarchical.HierarchicalTestEngine.execute(HierarchicalTestEngine.java:54)
	at org.junit.platform.launcher.core.EngineExecutionOrchestrator.execute(EngineExecutionOrchestrator.java:198)
	at org.junit.platform.launcher.core.EngineExecutionOrchestrator.execute(EngineExecutionOrchestrator.java:169)
	at org.junit.platform.launcher.core.EngineExecutionOrchestrator.execute(EngineExecutionOrchestrator.java:93)
	at org.junit.platform.launcher.core.EngineExecutionOrchestrator.lambda$execute$0(EngineExecutionOrchestrator.java:58)
	at org.junit.platform.launcher.core.EngineExecutionOrchestrator.withInterceptedStreams(EngineExecutionOrchestrator.java:141)
	at org.junit.platform.launcher.core.EngineExecutionOrchestrator.execute(EngineExecutionOrchestrator.java:57)
	at org.junit.platform.launcher.core.DefaultLauncher.execute(DefaultLauncher.java:103)
	at org.junit.platform.launcher.core.DefaultLauncher.execute(DefaultLauncher.java:85)
	at org.junit.platform.launcher.core.DelegatingLauncher.execute(DelegatingLauncher.java:47)
	at org.apache.maven.surefire.junitplatform.LazyLauncher.execute(LazyLauncher.java:56)
	at org.apache.maven.surefire.junitplatform.JUnitPlatformProvider.execute(JUnitPlatformProvider.java:184)
	at org.apache.maven.surefire.junitplatform.JUnitPlatformProvider.invokeAllTests(JUnitPlatformProvider.java:148)
	at org.apache.maven.surefire.junitplatform.JUnitPlatformProvider.invoke(JUnitPlatformProvider.java:122)
	at org.apache.maven.surefire.booter.ForkedBooter.runSuitesInProcess(ForkedBooter.java:385)
	at org.apache.maven.surefire.booter.ForkedBooter.execute(ForkedBooter.java:162)
	at org.apache.maven.surefire.booter.ForkedBooter.run(ForkedBooter.java:507)
	at org.apache.maven.surefire.booter.ForkedBooter.main(ForkedBooter.java:495)
Caused by: org.springframework.beans.factory.BeanCreationException: Error creating bean with name 'entityManagerFactory' defined in class path resource [org/springframework/boot/autoconfigure/orm/jpa/HibernateJpaConfiguration.class]: Failed to initialize dependency 'flywayInitializer' of LoadTimeWeaverAware bean 'entityManagerFactory': Error creating bean with name 'flywayInitializer' defined in class path resource [org/springframework/boot/autoconfigure/flyway/FlywayAutoConfiguration$FlywayConfiguration.class]: Unable to obtain connection from database: Communications link failure

The last packet sent successfully to the server was 0 milliseconds ago. The driver has not received any packets from the server.
--------------------------------------------------------------------------------------------------------------------------------------------------------------------------------------------------------
SQL State  : 08S01
Error Code : 0
Message    : Communications link failure

The last packet sent successfully to the server was 0 milliseconds ago. The driver has not received any packets from the server.

	at org.springframework.beans.factory.support.AbstractBeanFactory.doGetBean(AbstractBeanFactory.java:326)
	at org.springframework.beans.factory.support.AbstractBeanFactory.getBean(AbstractBeanFactory.java:205)
	at org.springframework.context.support.AbstractApplicationContext.finishBeanFactoryInitialization(AbstractApplicationContext.java:952)
	at org.springframework.context.support.AbstractApplicationContext.refresh(AbstractApplicationContext.java:624)
	at org.springframework.boot.SpringApplication.refresh(SpringApplication.java:754)
	at org.springframework.boot.SpringApplication.refreshContext(SpringApplication.java:456)
	at org.springframework.boot.SpringApplication.run(SpringApplication.java:335)
	at org.springframework.boot.test.context.SpringBootContextLoader.lambda$loadContext$3(SpringBootContextLoader.java:137)
	at org.springframework.util.function.ThrowingSupplier.get(ThrowingSupplier.java:58)
	at org.springframework.util.function.ThrowingSupplier.get(ThrowingSupplier.java:46)
	at org.springframework.boot.SpringApplication.withHook(SpringApplication.java:1463)
	at org.springframework.boot.test.context.SpringBootContextLoader$ContextLoaderHook.run(SpringBootContextLoader.java:553)
	at org.springframework.boot.test.context.SpringBootContextLoader.loadContext(SpringBootContextLoader.java:137)
	at org.springframework.boot.test.context.SpringBootContextLoader.loadContext(SpringBootContextLoader.java:108)
	at org.springframework.test.context.cache.DefaultCacheAwareContextLoaderDelegate.loadContextInternal(DefaultCacheAwareContextLoaderDelegate.java:225)
	at org.springframework.test.context.cache.DefaultCacheAwareContextLoaderDelegate.loadContext(DefaultCacheAwareContextLoaderDelegate.java:152)
	... 73 common frames omitted
Caused by: org.springframework.beans.factory.BeanCreationException: Error creating bean with name 'flywayInitializer' defined in class path resource [org/springframework/boot/autoconfigure/flyway/FlywayAutoConfiguration$FlywayConfiguration.class]: Unable to obtain connection from database: Communications link failure

The last packet sent successfully to the server was 0 milliseconds ago. The driver has not received any packets from the server.
--------------------------------------------------------------------------------------------------------------------------------------------------------------------------------------------------------
SQL State  : 08S01
Error Code : 0
Message    : Communications link failure

The last packet sent successfully to the server was 0 milliseconds ago. The driver has not received any packets from the server.

	at org.springframework.beans.factory.support.AbstractAutowireCapableBeanFactory.initializeBean(AbstractAutowireCapableBeanFactory.java:1788)
	at org.springframework.beans.factory.support.AbstractAutowireCapableBeanFactory.doCreateBean(AbstractAutowireCapableBeanFactory.java:600)
	at org.springframework.beans.factory.support.AbstractAutowireCapableBeanFactory.createBean(AbstractAutowireCapableBeanFactory.java:522)
	at org.springframework.beans.factory.support.AbstractBeanFactory.lambda$doGetBean$0(AbstractBeanFactory.java:337)
	at org.springframework.beans.factory.support.DefaultSingletonBeanRegistry.getSingleton(DefaultSingletonBeanRegistry.java:234)
	at org.springframework.beans.factory.support.AbstractBeanFactory.doGetBean(AbstractBeanFactory.java:335)
	at org.springframework.beans.factory.support.AbstractBeanFactory.getBean(AbstractBeanFactory.java:200)
	at org.springframework.beans.factory.support.AbstractBeanFactory.doGetBean(AbstractBeanFactory.java:313)
	... 88 common frames omitted
Caused by: org.flywaydb.core.internal.exception.FlywaySqlException: Unable to obtain connection from database: Communications link failure

The last packet sent successfully to the server was 0 milliseconds ago. The driver has not received any packets from the server.
--------------------------------------------------------------------------------------------------------------------------------------------------------------------------------------------------------
SQL State  : 08S01
Error Code : 0
Message    : Communications link failure

The last packet sent successfully to the server was 0 milliseconds ago. The driver has not received any packets from the server.

	at org.flywaydb.core.internal.jdbc.JdbcUtils.openConnection(JdbcUtils.java:60)
	at org.flywaydb.core.internal.jdbc.JdbcConnectionFactory.<init>(JdbcConnectionFactory.java:72)
	at org.flywaydb.core.FlywayExecutor.execute(FlywayExecutor.java:134)
	at org.flywaydb.core.Flyway.migrate(Flyway.java:147)
	at org.springframework.boot.autoconfigure.flyway.FlywayMigrationInitializer.afterPropertiesSet(FlywayMigrationInitializer.java:66)
	at org.springframework.beans.factory.support.AbstractAutowireCapableBeanFactory.invokeInitMethods(AbstractAutowireCapableBeanFactory.java:1835)
	at org.springframework.beans.factory.support.AbstractAutowireCapableBeanFactory.initializeBean(AbstractAutowireCapableBeanFactory.java:1784)
	... 95 common frames omitted
Caused by: com.mysql.cj.jdbc.exceptions.CommunicationsException: Communications link failure

The last packet sent successfully to the server was 0 milliseconds ago. The driver has not received any packets from the server.
	at com.mysql.cj.jdbc.exceptions.SQLError.createCommunicationsException(SQLError.java:174)
	at com.mysql.cj.jdbc.exceptions.SQLExceptionsMapping.translateException(SQLExceptionsMapping.java:64)
	at com.mysql.cj.jdbc.ConnectionImpl.createNewIO(ConnectionImpl.java:815)
	at com.mysql.cj.jdbc.ConnectionImpl.<init>(ConnectionImpl.java:438)
	at com.mysql.cj.jdbc.ConnectionImpl.getInstance(ConnectionImpl.java:241)
	at com.mysql.cj.jdbc.NonRegisteringDriver.connect(NonRegisteringDriver.java:189)
	at com.zaxxer.hikari.util.DriverDataSource.getConnection(DriverDataSource.java:137)
	at com.zaxxer.hikari.pool.PoolBase.newConnection(PoolBase.java:360)
	at com.zaxxer.hikari.pool.PoolBase.newPoolEntry(PoolBase.java:202)
	at com.zaxxer.hikari.pool.HikariPool.createPoolEntry(HikariPool.java:461)
	at com.zaxxer.hikari.pool.HikariPool.checkFailFast(HikariPool.java:550)
	at com.zaxxer.hikari.pool.HikariPool.<init>(HikariPool.java:98)
	at com.zaxxer.hikari.HikariDataSource.getConnection(HikariDataSource.java:111)
	at org.flywaydb.core.internal.jdbc.JdbcUtils.openConnection(JdbcUtils.java:48)
	... 101 common frames omitted
Caused by: com.mysql.cj.exceptions.CJCommunicationsException: Communications link failure

The last packet sent successfully to the server was 0 milliseconds ago. The driver has not received any packets from the server.
	at java.base/jdk.internal.reflect.DirectConstructorHandleAccessor.newInstance(DirectConstructorHandleAccessor.java:62)
	at java.base/java.lang.reflect.Constructor.newInstanceWithCaller(Constructor.java:502)
	at java.base/java.lang.reflect.Constructor.newInstance(Constructor.java:486)
	at com.mysql.cj.exceptions.ExceptionFactory.createException(ExceptionFactory.java:61)
	at com.mysql.cj.exceptions.ExceptionFactory.createException(ExceptionFactory.java:104)
	at com.mysql.cj.exceptions.ExceptionFactory.createException(ExceptionFactory.java:149)
	at com.mysql.cj.exceptions.ExceptionFactory.createCommunicationsException(ExceptionFactory.java:165)
	at com.mysql.cj.protocol.a.NativeSocketConnection.connect(NativeSocketConnection.java:88)
	at com.mysql.cj.NativeSession.connect(NativeSession.java:120)
	at com.mysql.cj.jdbc.ConnectionImpl.connectOneTryOnly(ConnectionImpl.java:935)
	at com.mysql.cj.jdbc.ConnectionImpl.createNewIO(ConnectionImpl.java:805)
	... 112 common frames omitted
Caused by: java.net.UnknownHostException: school-mysql
	at java.base/java.net.InetAddress$CachedLookup.get(InetAddress.java:988)
	at java.base/java.net.InetAddress.getAllByName0(InetAddress.java:1818)
	at java.base/java.net.InetAddress.getAllByName(InetAddress.java:1688)
	at com.mysql.cj.protocol.StandardSocketFactory.connect(StandardSocketFactory.java:130)
	at com.mysql.cj.protocol.a.NativeSocketConnection.connect(NativeSocketConnection.java:62)
	... 115 common frames omitted
2026-05-17 17:53:55,052 INFO o.s.t.c.s.AnnotationConfigContextLoaderUtils [main] Could not detect default configuration classes for test class [com.shinepublicschool.ShinePublicSchoolWebAppApplicationTests]: ShinePublicSchoolWebAppApplicationTests does not declare any static, non-private, non-final, nested classes annotated with @Configuration.
2026-05-17 17:53:55,160 INFO o.s.b.t.c.SpringBootTestContextBootstrapper [main] Found @SpringBootConfiguration com.shinepublicschool.ShinePublicSchoolWebAppApplication for test class com.shinepublicschool.ShinePublicSchoolWebAppApplicationTests
2026-05-17 17:53:55,264 INFO o.s.b.d.r.RestartApplicationListener [main] Restart disabled due to context in which it is running
2026-05-17 17:53:55,466 INFO o.h.v.i.u.Version [background-preinit] HV000001: Hibernate Validator 8.0.1.Final
2026-05-17 17:53:56,261 INFO o.s.d.r.c.RepositoryConfigurationDelegate [main] Bootstrapping Spring Data JPA repositories in DEFAULT mode.
2026-05-17 17:53:56,373 INFO o.s.d.r.c.RepositoryConfigurationDelegate [main] Finished Spring Data repository scanning in 104 ms. Found 7 JPA repository interfaces.
2026-05-17 17:53:57,128 INFO o.s.c.c.s.GenericScope [main] BeanFactory id=e4d78bc9-f1d7-37bb-aa72-a78d30131486
2026-05-17 17:53:57,733 WARN o.s.c.s.PostProcessorRegistrationDelegate$BeanPostProcessorChecker [main] Bean 'org.springframework.cloud.client.loadbalancer.LoadBalancerAutoConfiguration$DeferringLoadBalancerInterceptorConfig' of type [org.springframework.cloud.client.loadbalancer.LoadBalancerAutoConfiguration$DeferringLoadBalancerInterceptorConfig] is not eligible for getting processed by all BeanPostProcessors (for example: not eligible for auto-proxying). The currently created BeanPostProcessor [lbRestClientPostProcessor] is declared through a non-static factory method on that class; consider declaring it as static instead.
2026-05-17 17:53:57,738 WARN o.s.c.s.PostProcessorRegistrationDelegate$BeanPostProcessorChecker [main] Bean 'deferringLoadBalancerInterceptor' of type [org.springframework.cloud.client.loadbalancer.DeferringLoadBalancerInterceptor] is not eligible for getting processed by all BeanPostProcessors (for example: not eligible for auto-proxying). Is this bean getting eagerly injected into a currently created BeanPostProcessor [lbRestClientPostProcessor]? Check the corresponding BeanPostProcessor declaration and its dependencies.
2026-05-17 17:53:57,746 WARN o.s.c.s.PostProcessorRegistrationDelegate$BeanPostProcessorChecker [main] Bean 'org.springframework.cloud.client.loadbalancer.reactive.LoadBalancerBeanPostProcessorAutoConfiguration' of type [org.springframework.cloud.client.loadbalancer.reactive.LoadBalancerBeanPostProcessorAutoConfiguration] is not eligible for getting processed by all BeanPostProcessors (for example: not eligible for auto-proxying). The currently created BeanPostProcessor [loadBalancerWebClientBuilderBeanPostProcessor] is declared through a non-static factory method on that class; consider declaring it as static instead.
2026-05-17 17:53:57,751 WARN o.s.c.s.PostProcessorRegistrationDelegate$BeanPostProcessorChecker [main] Bean 'org.springframework.cloud.client.loadbalancer.reactive.LoadBalancerBeanPostProcessorAutoConfiguration$ReactorDeferringLoadBalancerFilterConfig' of type [org.springframework.cloud.client.loadbalancer.reactive.LoadBalancerBeanPostProcessorAutoConfiguration$ReactorDeferringLoadBalancerFilterConfig] is not eligible for getting processed by all BeanPostProcessors (for example: not eligible for auto-proxying). Is this bean getting eagerly injected into a currently created BeanPostProcessor [loadBalancerWebClientBuilderBeanPostProcessor]? Check the corresponding BeanPostProcessor declaration and its dependencies.
2026-05-17 17:53:57,756 WARN o.s.c.s.PostProcessorRegistrationDelegate$BeanPostProcessorChecker [main] Bean 'reactorDeferringLoadBalancerExchangeFilterFunction' of type [org.springframework.cloud.client.loadbalancer.reactive.DeferringLoadBalancerExchangeFilterFunction] is not eligible for getting processed by all BeanPostProcessors (for example: not eligible for auto-proxying). Is this bean getting eagerly injected into a currently created BeanPostProcessor [loadBalancerWebClientBuilderBeanPostProcessor]? Check the corresponding BeanPostProcessor declaration and its dependencies.
2026-05-17 17:53:58,209 INFO c.z.h.HikariDataSource [main] HikariPool-1 - Starting...
2026-05-17 17:54:02,017 INFO c.z.h.HikariDataSource [main] HikariPool-1 - Starting...
2026-05-17 17:54:03,032 INFO c.z.h.HikariDataSource [main] HikariPool-1 - Starting...
2026-05-17 17:54:04,047 WARN o.s.c.s.AbstractApplicationContext [main] Exception encountered during context initialization - cancelling refresh attempt: org.springframework.beans.factory.BeanCreationException: Error creating bean with name 'entityManagerFactory' defined in class path resource [org/springframework/boot/autoconfigure/orm/jpa/HibernateJpaConfiguration.class]: Failed to initialize dependency 'flywayInitializer' of LoadTimeWeaverAware bean 'entityManagerFactory': Error creating bean with name 'flywayInitializer' defined in class path resource [org/springframework/boot/autoconfigure/flyway/FlywayAutoConfiguration$FlywayConfiguration.class]: Unable to obtain connection from database: Communications link failure

The last packet sent successfully to the server was 0 milliseconds ago. The driver has not received any packets from the server.
--------------------------------------------------------------------------------------------------------------------------------------------------------------------------------------------------------
SQL State  : 08S01
Error Code : 0
Message    : Communications link failure

The last packet sent successfully to the server was 0 milliseconds ago. The driver has not received any packets from the server.

2026-05-17 17:54:04,058 INFO o.s.b.a.l.ConditionEvaluationReportLogger [main] 

Error starting ApplicationContext. To display the condition evaluation report re-run your application with 'debug' enabled.
2026-05-17 17:54:04,070 ERROR o.s.b.SpringApplication [main] Application run failed
org.springframework.beans.factory.BeanCreationException: Error creating bean with name 'entityManagerFactory' defined in class path resource [org/springframework/boot/autoconfigure/orm/jpa/HibernateJpaConfiguration.class]: Failed to initialize dependency 'flywayInitializer' of LoadTimeWeaverAware bean 'entityManagerFactory': Error creating bean with name 'flywayInitializer' defined in class path resource [org/springframework/boot/autoconfigure/flyway/FlywayAutoConfiguration$FlywayConfiguration.class]: Unable to obtain connection from database: Communications link failure

The last packet sent successfully to the server was 0 milliseconds ago. The driver has not received any packets from the server.
--------------------------------------------------------------------------------------------------------------------------------------------------------------------------------------------------------
SQL State  : 08S01
Error Code : 0
Message    : Communications link failure

The last packet sent successfully to the server was 0 milliseconds ago. The driver has not received any packets from the server.

	at org.springframework.beans.factory.support.AbstractBeanFactory.doGetBean(AbstractBeanFactory.java:326)
	at org.springframework.beans.factory.support.AbstractBeanFactory.getBean(AbstractBeanFactory.java:205)
	at org.springframework.context.support.AbstractApplicationContext.finishBeanFactoryInitialization(AbstractApplicationContext.java:952)
	at org.springframework.context.support.AbstractApplicationContext.refresh(AbstractApplicationContext.java:624)
	at org.springframework.boot.SpringApplication.refresh(SpringApplication.java:754)
	at org.springframework.boot.SpringApplication.refreshContext(SpringApplication.java:456)
	at org.springframework.boot.SpringApplication.run(SpringApplication.java:335)
	at org.springframework.boot.test.context.SpringBootContextLoader.lambda$loadContext$3(SpringBootContextLoader.java:137)
	at org.springframework.util.function.ThrowingSupplier.get(ThrowingSupplier.java:58)
	at org.springframework.util.function.ThrowingSupplier.get(ThrowingSupplier.java:46)
	at org.springframework.boot.SpringApplication.withHook(SpringApplication.java:1463)
	at org.springframework.boot.test.context.SpringBootContextLoader$ContextLoaderHook.run(SpringBootContextLoader.java:553)
	at org.springframework.boot.test.context.SpringBootContextLoader.loadContext(SpringBootContextLoader.java:137)
	at org.springframework.boot.test.context.SpringBootContextLoader.loadContext(SpringBootContextLoader.java:108)
	at org.springframework.test.context.cache.DefaultCacheAwareContextLoaderDelegate.loadContextInternal(DefaultCacheAwareContextLoaderDelegate.java:225)
	at org.springframework.test.context.cache.DefaultCacheAwareContextLoaderDelegate.loadContext(DefaultCacheAwareContextLoaderDelegate.java:152)
	at org.springframework.test.context.support.DefaultTestContext.getApplicationContext(DefaultTestContext.java:130)
	at org.springframework.test.context.web.ServletTestExecutionListener.setUpRequestContextIfNecessary(ServletTestExecutionListener.java:191)
	at org.springframework.test.context.web.ServletTestExecutionListener.prepareTestInstance(ServletTestExecutionListener.java:130)
	at org.springframework.test.context.TestContextManager.prepareTestInstance(TestContextManager.java:260)
	at org.springframework.test.context.junit.jupiter.SpringExtension.postProcessTestInstance(SpringExtension.java:163)
	at org.junit.jupiter.engine.descriptor.ClassBasedTestDescriptor.lambda$invokeTestInstancePostProcessors$10(ClassBasedTestDescriptor.java:378)
	at org.junit.jupiter.engine.descriptor.ClassBasedTestDescriptor.executeAndMaskThrowable(ClassBasedTestDescriptor.java:383)
	at org.junit.jupiter.engine.descriptor.ClassBasedTestDescriptor.lambda$invokeTestInstancePostProcessors$11(ClassBasedTestDescriptor.java:378)
	at java.base/java.util.stream.ReferencePipeline$3$1.accept(ReferencePipeline.java:197)
	at java.base/java.util.stream.ReferencePipeline$2$1.accept(ReferencePipeline.java:179)
	at java.base/java.util.ArrayList$ArrayListSpliterator.forEachRemaining(ArrayList.java:1708)
	at java.base/java.util.stream.AbstractPipeline.copyInto(AbstractPipeline.java:509)
	at java.base/java.util.stream.AbstractPipeline.wrapAndCopyInto(AbstractPipeline.java:499)
	at java.base/java.util.stream.StreamSpliterators$WrappingSpliterator.forEachRemaining(StreamSpliterators.java:310)
	at java.base/java.util.stream.Streams$ConcatSpliterator.forEachRemaining(Streams.java:735)
	at java.base/java.util.stream.Streams$ConcatSpliterator.forEachRemaining(Streams.java:734)
	at java.base/java.util.stream.ReferencePipeline$Head.forEach(ReferencePipeline.java:762)
	at org.junit.jupiter.engine.descriptor.ClassBasedTestDescriptor.invokeTestInstancePostProcessors(ClassBasedTestDescriptor.java:377)
	at org.junit.jupiter.engine.descriptor.ClassBasedTestDescriptor.lambda$instantiateAndPostProcessTestInstance$6(ClassBasedTestDescriptor.java:290)
	at org.junit.platform.engine.support.hierarchical.ThrowableCollector.execute(ThrowableCollector.java:73)
	at org.junit.jupiter.engine.descriptor.ClassBasedTestDescriptor.instantiateAndPostProcessTestInstance(ClassBasedTestDescriptor.java:289)
	at org.junit.jupiter.engine.descriptor.ClassBasedTestDescriptor.lambda$testInstancesProvider$4(ClassBasedTestDescriptor.java:279)
	at java.base/java.util.Optional.orElseGet(Optional.java:364)
	at org.junit.jupiter.engine.descriptor.ClassBasedTestDescriptor.lambda$testInstancesProvider$5(ClassBasedTestDescriptor.java:278)
	at org.junit.jupiter.engine.execution.TestInstancesProvider.getTestInstances(TestInstancesProvider.java:31)
	at org.junit.jupiter.engine.descriptor.TestMethodTestDescriptor.lambda$prepare$0(TestMethodTestDescriptor.java:106)
	at org.junit.platform.engine.support.hierarchical.ThrowableCollector.execute(ThrowableCollector.java:73)
	at org.junit.jupiter.engine.descriptor.TestMethodTestDescriptor.prepare(TestMethodTestDescriptor.java:105)
	at org.junit.jupiter.engine.descriptor.TestMethodTestDescriptor.prepare(TestMethodTestDescriptor.java:69)
	at org.junit.platform.engine.support.hierarchical.NodeTestTask.lambda$prepare$2(NodeTestTask.java:123)
	at org.junit.platform.engine.support.hierarchical.ThrowableCollector.execute(ThrowableCollector.java:73)
	at org.junit.platform.engine.support.hierarchical.NodeTestTask.prepare(NodeTestTask.java:123)
	at org.junit.platform.engine.support.hierarchical.NodeTestTask.execute(NodeTestTask.java:90)
	at java.base/java.util.ArrayList.forEach(ArrayList.java:1596)
	at org.junit.platform.engine.support.hierarchical.SameThreadHierarchicalTestExecutorService.invokeAll(SameThreadHierarchicalTestExecutorService.java:41)
	at org.junit.platform.engine.support.hierarchical.NodeTestTask.lambda$executeRecursively$6(NodeTestTask.java:155)
	at org.junit.platform.engine.support.hierarchical.ThrowableCollector.execute(ThrowableCollector.java:73)
	at org.junit.platform.engine.support.hierarchical.NodeTestTask.lambda$executeRecursively$8(NodeTestTask.java:141)
	at org.junit.platform.engine.support.hierarchical.Node.around(Node.java:137)
	at org.junit.platform.engine.support.hierarchical.NodeTestTask.lambda$executeRecursively$9(NodeTestTask.java:139)
	at org.junit.platform.engine.support.hierarchical.ThrowableCollector.execute(ThrowableCollector.java:73)
	at org.junit.platform.engine.support.hierarchical.NodeTestTask.executeRecursively(NodeTestTask.java:138)
	at org.junit.platform.engine.support.hierarchical.NodeTestTask.execute(NodeTestTask.java:95)
	at java.base/java.util.ArrayList.forEach(ArrayList.java:1596)
	at org.junit.platform.engine.support.hierarchical.SameThreadHierarchicalTestExecutorService.invokeAll(SameThreadHierarchicalTestExecutorService.java:41)
	at org.junit.platform.engine.support.hierarchical.NodeTestTask.lambda$executeRecursively$6(NodeTestTask.java:155)
	at org.junit.platform.engine.support.hierarchical.ThrowableCollector.execute(ThrowableCollector.java:73)
	at org.junit.platform.engine.support.hierarchical.NodeTestTask.lambda$executeRecursively$8(NodeTestTask.java:141)
	at org.junit.platform.engine.support.hierarchical.Node.around(Node.java:137)
	at org.junit.platform.engine.support.hierarchical.NodeTestTask.lambda$executeRecursively$9(NodeTestTask.java:139)
	at org.junit.platform.engine.support.hierarchical.ThrowableCollector.execute(ThrowableCollector.java:73)
	at org.junit.platform.engine.support.hierarchical.NodeTestTask.executeRecursively(NodeTestTask.java:138)
	at org.junit.platform.engine.support.hierarchical.NodeTestTask.execute(NodeTestTask.java:95)
	at org.junit.platform.engine.support.hierarchical.SameThreadHierarchicalTestExecutorService.submit(SameThreadHierarchicalTestExecutorService.java:35)
	at org.junit.platform.engine.support.hierarchical.HierarchicalTestExecutor.execute(HierarchicalTestExecutor.java:57)
	at org.junit.platform.engine.support.hierarchical.HierarchicalTestEngine.execute(HierarchicalTestEngine.java:54)
	at org.junit.platform.launcher.core.EngineExecutionOrchestrator.execute(EngineExecutionOrchestrator.java:198)
	at org.junit.platform.launcher.core.EngineExecutionOrchestrator.execute(EngineExecutionOrchestrator.java:169)
	at org.junit.platform.launcher.core.EngineExecutionOrchestrator.execute(EngineExecutionOrchestrator.java:93)
	at org.junit.platform.launcher.core.EngineExecutionOrchestrator.lambda$execute$0(EngineExecutionOrchestrator.java:58)
	at org.junit.platform.launcher.core.EngineExecutionOrchestrator.withInterceptedStreams(EngineExecutionOrchestrator.java:141)
	at org.junit.platform.launcher.core.EngineExecutionOrchestrator.execute(EngineExecutionOrchestrator.java:57)
	at org.junit.platform.launcher.core.DefaultLauncher.execute(DefaultLauncher.java:103)
	at org.junit.platform.launcher.core.DefaultLauncher.execute(DefaultLauncher.java:85)
	at org.junit.platform.launcher.core.DelegatingLauncher.execute(DelegatingLauncher.java:47)
	at org.apache.maven.surefire.junitplatform.LazyLauncher.execute(LazyLauncher.java:56)
	at org.apache.maven.surefire.junitplatform.JUnitPlatformProvider.execute(JUnitPlatformProvider.java:184)
	at org.apache.maven.surefire.junitplatform.JUnitPlatformProvider.invokeAllTests(JUnitPlatformProvider.java:148)
	at org.apache.maven.surefire.junitplatform.JUnitPlatformProvider.invoke(JUnitPlatformProvider.java:122)
	at org.apache.maven.surefire.booter.ForkedBooter.runSuitesInProcess(ForkedBooter.java:385)
	at org.apache.maven.surefire.booter.ForkedBooter.execute(ForkedBooter.java:162)
	at org.apache.maven.surefire.booter.ForkedBooter.run(ForkedBooter.java:507)
	at org.apache.maven.surefire.booter.ForkedBooter.main(ForkedBooter.java:495)
Caused by: org.springframework.beans.factory.BeanCreationException: Error creating bean with name 'flywayInitializer' defined in class path resource [org/springframework/boot/autoconfigure/flyway/FlywayAutoConfiguration$FlywayConfiguration.class]: Unable to obtain connection from database: Communications link failure

The last packet sent successfully to the server was 0 milliseconds ago. The driver has not received any packets from the server.
--------------------------------------------------------------------------------------------------------------------------------------------------------------------------------------------------------
SQL State  : 08S01
Error Code : 0
Message    : Communications link failure

The last packet sent successfully to the server was 0 milliseconds ago. The driver has not received any packets from the server.

	at org.springframework.beans.factory.support.AbstractAutowireCapableBeanFactory.initializeBean(AbstractAutowireCapableBeanFactory.java:1788)
	at org.springframework.beans.factory.support.AbstractAutowireCapableBeanFactory.doCreateBean(AbstractAutowireCapableBeanFactory.java:600)
	at org.springframework.beans.factory.support.AbstractAutowireCapableBeanFactory.createBean(AbstractAutowireCapableBeanFactory.java:522)
	at org.springframework.beans.factory.support.AbstractBeanFactory.lambda$doGetBean$0(AbstractBeanFactory.java:337)
	at org.springframework.beans.factory.support.DefaultSingletonBeanRegistry.getSingleton(DefaultSingletonBeanRegistry.java:234)
	at org.springframework.beans.factory.support.AbstractBeanFactory.doGetBean(AbstractBeanFactory.java:335)
	at org.springframework.beans.factory.support.AbstractBeanFactory.getBean(AbstractBeanFactory.java:200)
	at org.springframework.beans.factory.support.AbstractBeanFactory.doGetBean(AbstractBeanFactory.java:313)
	... 88 common frames omitted
Caused by: org.flywaydb.core.internal.exception.FlywaySqlException: Unable to obtain connection from database: Communications link failure

The last packet sent successfully to the server was 0 milliseconds ago. The driver has not received any packets from the server.
--------------------------------------------------------------------------------------------------------------------------------------------------------------------------------------------------------
SQL State  : 08S01
Error Code : 0
Message    : Communications link failure

The last packet sent successfully to the server was 0 milliseconds ago. The driver has not received any packets from the server.

	at org.flywaydb.core.internal.jdbc.JdbcUtils.openConnection(JdbcUtils.java:60)
	at org.flywaydb.core.internal.jdbc.JdbcConnectionFactory.<init>(JdbcConnectionFactory.java:72)
	at org.flywaydb.core.FlywayExecutor.execute(FlywayExecutor.java:134)
	at org.flywaydb.core.Flyway.migrate(Flyway.java:147)
	at org.springframework.boot.autoconfigure.flyway.FlywayMigrationInitializer.afterPropertiesSet(FlywayMigrationInitializer.java:66)
	at org.springframework.beans.factory.support.AbstractAutowireCapableBeanFactory.invokeInitMethods(AbstractAutowireCapableBeanFactory.java:1835)
	at org.springframework.beans.factory.support.AbstractAutowireCapableBeanFactory.initializeBean(AbstractAutowireCapableBeanFactory.java:1784)
	... 95 common frames omitted
Caused by: com.mysql.cj.jdbc.exceptions.CommunicationsException: Communications link failure

The last packet sent successfully to the server was 0 milliseconds ago. The driver has not received any packets from the server.
	at com.mysql.cj.jdbc.exceptions.SQLError.createCommunicationsException(SQLError.java:174)
	at com.mysql.cj.jdbc.exceptions.SQLExceptionsMapping.translateException(SQLExceptionsMapping.java:64)
	at com.mysql.cj.jdbc.ConnectionImpl.createNewIO(ConnectionImpl.java:815)
	at com.mysql.cj.jdbc.ConnectionImpl.<init>(ConnectionImpl.java:438)
	at com.mysql.cj.jdbc.ConnectionImpl.getInstance(ConnectionImpl.java:241)
	at com.mysql.cj.jdbc.NonRegisteringDriver.connect(NonRegisteringDriver.java:189)
	at com.zaxxer.hikari.util.DriverDataSource.getConnection(DriverDataSource.java:137)
	at com.zaxxer.hikari.pool.PoolBase.newConnection(PoolBase.java:360)
	at com.zaxxer.hikari.pool.PoolBase.newPoolEntry(PoolBase.java:202)
	at com.zaxxer.hikari.pool.HikariPool.createPoolEntry(HikariPool.java:461)
	at com.zaxxer.hikari.pool.HikariPool.checkFailFast(HikariPool.java:550)
	at com.zaxxer.hikari.pool.HikariPool.<init>(HikariPool.java:98)
	at com.zaxxer.hikari.HikariDataSource.getConnection(HikariDataSource.java:111)
	at org.flywaydb.core.internal.jdbc.JdbcUtils.openConnection(JdbcUtils.java:48)
	... 101 common frames omitted
Caused by: com.mysql.cj.exceptions.CJCommunicationsException: Communications link failure

The last packet sent successfully to the server was 0 milliseconds ago. The driver has not received any packets from the server.
	at java.base/jdk.internal.reflect.DirectConstructorHandleAccessor.newInstance(DirectConstructorHandleAccessor.java:62)
	at java.base/java.lang.reflect.Constructor.newInstanceWithCaller(Constructor.java:502)
	at java.base/java.lang.reflect.Constructor.newInstance(Constructor.java:486)
	at com.mysql.cj.exceptions.ExceptionFactory.createException(ExceptionFactory.java:61)
	at com.mysql.cj.exceptions.ExceptionFactory.createException(ExceptionFactory.java:104)
	at com.mysql.cj.exceptions.ExceptionFactory.createException(ExceptionFactory.java:149)
	at com.mysql.cj.exceptions.ExceptionFactory.createCommunicationsException(ExceptionFactory.java:165)
	at com.mysql.cj.protocol.a.NativeSocketConnection.connect(NativeSocketConnection.java:88)
	at com.mysql.cj.NativeSession.connect(NativeSession.java:120)
	at com.mysql.cj.jdbc.ConnectionImpl.connectOneTryOnly(ConnectionImpl.java:935)
	at com.mysql.cj.jdbc.ConnectionImpl.createNewIO(ConnectionImpl.java:805)
	... 112 common frames omitted
Caused by: java.net.UnknownHostException: school-mysql
	at java.base/java.net.InetAddress$CachedLookup.get(InetAddress.java:988)
	at java.base/java.net.InetAddress.getAllByName0(InetAddress.java:1818)
	at java.base/java.net.InetAddress.getAllByName(InetAddress.java:1688)
	at com.mysql.cj.protocol.StandardSocketFactory.connect(StandardSocketFactory.java:130)
	at com.mysql.cj.protocol.a.NativeSocketConnection.connect(NativeSocketConnection.java:62)
	... 115 common frames omitted
2026-05-17 17:54:04,095 WARN o.s.t.c.TestContextManager [main] Caught exception while allowing TestExecutionListener [org.springframework.test.context.web.ServletTestExecutionListener] to prepare test instance [com.shinepublicschool.ShinePublicSchoolWebAppApplicationTests@2cacd55e]
java.lang.IllegalStateException: Failed to load ApplicationContext for [WebMergedContextConfiguration@38394dc3 testClass = com.shinepublicschool.ShinePublicSchoolWebAppApplicationTests, locations = [], classes = [com.shinepublicschool.ShinePublicSchoolWebAppApplication], contextInitializerClasses = [], activeProfiles = [], propertySourceDescriptors = [], propertySourceProperties = ["org.springframework.boot.test.context.SpringBootTestContextBootstrapper=true"], contextCustomizers = [org.springframework.boot.test.context.filter.ExcludeFilterContextCustomizer@294e5088, org.springframework.boot.test.json.DuplicateJsonObjectContextCustomizerFactory$DuplicateJsonObjectContextCustomizer@31000e60, org.springframework.boot.test.mock.mockito.MockitoContextCustomizer@0, org.springframework.boot.test.web.client.TestRestTemplateContextCustomizer@64ba3208, org.springframework.boot.test.web.reactive.server.WebTestClientContextCustomizer@1d131e1b, org.springframework.boot.test.autoconfigure.actuate.observability.ObservabilityContextCustomizerFactory$DisableObservabilityContextCustomizer@1f, org.springframework.boot.test.autoconfigure.properties.PropertyMappingContextCustomizer@0, org.springframework.boot.test.autoconfigure.web.servlet.WebDriverContextCustomizer@4d722ac9, org.springframework.boot.test.context.SpringBootTestAnnotation@c557cb78], resourceBasePath = "src/main/webapp", contextLoader = org.springframework.boot.test.context.SpringBootContextLoader, parent = null]
	at org.springframework.test.context.cache.DefaultCacheAwareContextLoaderDelegate.loadContext(DefaultCacheAwareContextLoaderDelegate.java:180)
	at org.springframework.test.context.support.DefaultTestContext.getApplicationContext(DefaultTestContext.java:130)
	at org.springframework.test.context.web.ServletTestExecutionListener.setUpRequestContextIfNecessary(ServletTestExecutionListener.java:191)
	at org.springframework.test.context.web.ServletTestExecutionListener.prepareTestInstance(ServletTestExecutionListener.java:130)
	at org.springframework.test.context.TestContextManager.prepareTestInstance(TestContextManager.java:260)
	at org.springframework.test.context.junit.jupiter.SpringExtension.postProcessTestInstance(SpringExtension.java:163)
	at org.junit.jupiter.engine.descriptor.ClassBasedTestDescriptor.lambda$invokeTestInstancePostProcessors$10(ClassBasedTestDescriptor.java:378)
	at org.junit.jupiter.engine.descriptor.ClassBasedTestDescriptor.executeAndMaskThrowable(ClassBasedTestDescriptor.java:383)
	at org.junit.jupiter.engine.descriptor.ClassBasedTestDescriptor.lambda$invokeTestInstancePostProcessors$11(ClassBasedTestDescriptor.java:378)
	at java.base/java.util.stream.ReferencePipeline$3$1.accept(ReferencePipeline.java:197)
	at java.base/java.util.stream.ReferencePipeline$2$1.accept(ReferencePipeline.java:179)
	at java.base/java.util.ArrayList$ArrayListSpliterator.forEachRemaining(ArrayList.java:1708)
	at java.base/java.util.stream.AbstractPipeline.copyInto(AbstractPipeline.java:509)
	at java.base/java.util.stream.AbstractPipeline.wrapAndCopyInto(AbstractPipeline.java:499)
	at java.base/java.util.stream.StreamSpliterators$WrappingSpliterator.forEachRemaining(StreamSpliterators.java:310)
	at java.base/java.util.stream.Streams$ConcatSpliterator.forEachRemaining(Streams.java:735)
	at java.base/java.util.stream.Streams$ConcatSpliterator.forEachRemaining(Streams.java:734)
	at java.base/java.util.stream.ReferencePipeline$Head.forEach(ReferencePipeline.java:762)
	at org.junit.jupiter.engine.descriptor.ClassBasedTestDescriptor.invokeTestInstancePostProcessors(ClassBasedTestDescriptor.java:377)
	at org.junit.jupiter.engine.descriptor.ClassBasedTestDescriptor.lambda$instantiateAndPostProcessTestInstance$6(ClassBasedTestDescriptor.java:290)
	at org.junit.platform.engine.support.hierarchical.ThrowableCollector.execute(ThrowableCollector.java:73)
	at org.junit.jupiter.engine.descriptor.ClassBasedTestDescriptor.instantiateAndPostProcessTestInstance(ClassBasedTestDescriptor.java:289)
	at org.junit.jupiter.engine.descriptor.ClassBasedTestDescriptor.lambda$testInstancesProvider$4(ClassBasedTestDescriptor.java:279)
	at java.base/java.util.Optional.orElseGet(Optional.java:364)
	at org.junit.jupiter.engine.descriptor.ClassBasedTestDescriptor.lambda$testInstancesProvider$5(ClassBasedTestDescriptor.java:278)
	at org.junit.jupiter.engine.execution.TestInstancesProvider.getTestInstances(TestInstancesProvider.java:31)
	at org.junit.jupiter.engine.descriptor.TestMethodTestDescriptor.lambda$prepare$0(TestMethodTestDescriptor.java:106)
	at org.junit.platform.engine.support.hierarchical.ThrowableCollector.execute(ThrowableCollector.java:73)
	at org.junit.jupiter.engine.descriptor.TestMethodTestDescriptor.prepare(TestMethodTestDescriptor.java:105)
	at org.junit.jupiter.engine.descriptor.TestMethodTestDescriptor.prepare(TestMethodTestDescriptor.java:69)
	at org.junit.platform.engine.support.hierarchical.NodeTestTask.lambda$prepare$2(NodeTestTask.java:123)
	at org.junit.platform.engine.support.hierarchical.ThrowableCollector.execute(ThrowableCollector.java:73)
	at org.junit.platform.engine.support.hierarchical.NodeTestTask.prepare(NodeTestTask.java:123)
	at org.junit.platform.engine.support.hierarchical.NodeTestTask.execute(NodeTestTask.java:90)
	at java.base/java.util.ArrayList.forEach(ArrayList.java:1596)
	at org.junit.platform.engine.support.hierarchical.SameThreadHierarchicalTestExecutorService.invokeAll(SameThreadHierarchicalTestExecutorService.java:41)
	at org.junit.platform.engine.support.hierarchical.NodeTestTask.lambda$executeRecursively$6(NodeTestTask.java:155)
	at org.junit.platform.engine.support.hierarchical.ThrowableCollector.execute(ThrowableCollector.java:73)
	at org.junit.platform.engine.support.hierarchical.NodeTestTask.lambda$executeRecursively$8(NodeTestTask.java:141)
	at org.junit.platform.engine.support.hierarchical.Node.around(Node.java:137)
	at org.junit.platform.engine.support.hierarchical.NodeTestTask.lambda$executeRecursively$9(NodeTestTask.java:139)
	at org.junit.platform.engine.support.hierarchical.ThrowableCollector.execute(ThrowableCollector.java:73)
	at org.junit.platform.engine.support.hierarchical.NodeTestTask.executeRecursively(NodeTestTask.java:138)
	at org.junit.platform.engine.support.hierarchical.NodeTestTask.execute(NodeTestTask.java:95)
	at java.base/java.util.ArrayList.forEach(ArrayList.java:1596)
	at org.junit.platform.engine.support.hierarchical.SameThreadHierarchicalTestExecutorService.invokeAll(SameThreadHierarchicalTestExecutorService.java:41)
	at org.junit.platform.engine.support.hierarchical.NodeTestTask.lambda$executeRecursively$6(NodeTestTask.java:155)
	at org.junit.platform.engine.support.hierarchical.ThrowableCollector.execute(ThrowableCollector.java:73)
	at org.junit.platform.engine.support.hierarchical.NodeTestTask.lambda$executeRecursively$8(NodeTestTask.java:141)
	at org.junit.platform.engine.support.hierarchical.Node.around(Node.java:137)
	at org.junit.platform.engine.support.hierarchical.NodeTestTask.lambda$executeRecursively$9(NodeTestTask.java:139)
	at org.junit.platform.engine.support.hierarchical.ThrowableCollector.execute(ThrowableCollector.java:73)
	at org.junit.platform.engine.support.hierarchical.NodeTestTask.executeRecursively(NodeTestTask.java:138)
	at org.junit.platform.engine.support.hierarchical.NodeTestTask.execute(NodeTestTask.java:95)
	at org.junit.platform.engine.support.hierarchical.SameThreadHierarchicalTestExecutorService.submit(SameThreadHierarchicalTestExecutorService.java:35)
	at org.junit.platform.engine.support.hierarchical.HierarchicalTestExecutor.execute(HierarchicalTestExecutor.java:57)
	at org.junit.platform.engine.support.hierarchical.HierarchicalTestEngine.execute(HierarchicalTestEngine.java:54)
	at org.junit.platform.launcher.core.EngineExecutionOrchestrator.execute(EngineExecutionOrchestrator.java:198)
	at org.junit.platform.launcher.core.EngineExecutionOrchestrator.execute(EngineExecutionOrchestrator.java:169)
	at org.junit.platform.launcher.core.EngineExecutionOrchestrator.execute(EngineExecutionOrchestrator.java:93)
	at org.junit.platform.launcher.core.EngineExecutionOrchestrator.lambda$execute$0(EngineExecutionOrchestrator.java:58)
	at org.junit.platform.launcher.core.EngineExecutionOrchestrator.withInterceptedStreams(EngineExecutionOrchestrator.java:141)
	at org.junit.platform.launcher.core.EngineExecutionOrchestrator.execute(EngineExecutionOrchestrator.java:57)
	at org.junit.platform.launcher.core.DefaultLauncher.execute(DefaultLauncher.java:103)
	at org.junit.platform.launcher.core.DefaultLauncher.execute(DefaultLauncher.java:85)
	at org.junit.platform.launcher.core.DelegatingLauncher.execute(DelegatingLauncher.java:47)
	at org.apache.maven.surefire.junitplatform.LazyLauncher.execute(LazyLauncher.java:56)
	at org.apache.maven.surefire.junitplatform.JUnitPlatformProvider.execute(JUnitPlatformProvider.java:184)
	at org.apache.maven.surefire.junitplatform.JUnitPlatformProvider.invokeAllTests(JUnitPlatformProvider.java:148)
	at org.apache.maven.surefire.junitplatform.JUnitPlatformProvider.invoke(JUnitPlatformProvider.java:122)
	at org.apache.maven.surefire.booter.ForkedBooter.runSuitesInProcess(ForkedBooter.java:385)
	at org.apache.maven.surefire.booter.ForkedBooter.execute(ForkedBooter.java:162)
	at org.apache.maven.surefire.booter.ForkedBooter.run(ForkedBooter.java:507)
	at org.apache.maven.surefire.booter.ForkedBooter.main(ForkedBooter.java:495)
Caused by: org.springframework.beans.factory.BeanCreationException: Error creating bean with name 'entityManagerFactory' defined in class path resource [org/springframework/boot/autoconfigure/orm/jpa/HibernateJpaConfiguration.class]: Failed to initialize dependency 'flywayInitializer' of LoadTimeWeaverAware bean 'entityManagerFactory': Error creating bean with name 'flywayInitializer' defined in class path resource [org/springframework/boot/autoconfigure/flyway/FlywayAutoConfiguration$FlywayConfiguration.class]: Unable to obtain connection from database: Communications link failure

The last packet sent successfully to the server was 0 milliseconds ago. The driver has not received any packets from the server.
--------------------------------------------------------------------------------------------------------------------------------------------------------------------------------------------------------
SQL State  : 08S01
Error Code : 0
Message    : Communications link failure

The last packet sent successfully to the server was 0 milliseconds ago. The driver has not received any packets from the server.

	at org.springframework.beans.factory.support.AbstractBeanFactory.doGetBean(AbstractBeanFactory.java:326)
	at org.springframework.beans.factory.support.AbstractBeanFactory.getBean(AbstractBeanFactory.java:205)
	at org.springframework.context.support.AbstractApplicationContext.finishBeanFactoryInitialization(AbstractApplicationContext.java:952)
	at org.springframework.context.support.AbstractApplicationContext.refresh(AbstractApplicationContext.java:624)
	at org.springframework.boot.SpringApplication.refresh(SpringApplication.java:754)
	at org.springframework.boot.SpringApplication.refreshContext(SpringApplication.java:456)
	at org.springframework.boot.SpringApplication.run(SpringApplication.java:335)
	at org.springframework.boot.test.context.SpringBootContextLoader.lambda$loadContext$3(SpringBootContextLoader.java:137)
	at org.springframework.util.function.ThrowingSupplier.get(ThrowingSupplier.java:58)
	at org.springframework.util.function.ThrowingSupplier.get(ThrowingSupplier.java:46)
	at org.springframework.boot.SpringApplication.withHook(SpringApplication.java:1463)
	at org.springframework.boot.test.context.SpringBootContextLoader$ContextLoaderHook.run(SpringBootContextLoader.java:553)
	at org.springframework.boot.test.context.SpringBootContextLoader.loadContext(SpringBootContextLoader.java:137)
	at org.springframework.boot.test.context.SpringBootContextLoader.loadContext(SpringBootContextLoader.java:108)
	at org.springframework.test.context.cache.DefaultCacheAwareContextLoaderDelegate.loadContextInternal(DefaultCacheAwareContextLoaderDelegate.java:225)
	at org.springframework.test.context.cache.DefaultCacheAwareContextLoaderDelegate.loadContext(DefaultCacheAwareContextLoaderDelegate.java:152)
	... 73 common frames omitted
Caused by: org.springframework.beans.factory.BeanCreationException: Error creating bean with name 'flywayInitializer' defined in class path resource [org/springframework/boot/autoconfigure/flyway/FlywayAutoConfiguration$FlywayConfiguration.class]: Unable to obtain connection from database: Communications link failure

The last packet sent successfully to the server was 0 milliseconds ago. The driver has not received any packets from the server.
--------------------------------------------------------------------------------------------------------------------------------------------------------------------------------------------------------
SQL State  : 08S01
Error Code : 0
Message    : Communications link failure

The last packet sent successfully to the server was 0 milliseconds ago. The driver has not received any packets from the server.

	at org.springframework.beans.factory.support.AbstractAutowireCapableBeanFactory.initializeBean(AbstractAutowireCapableBeanFactory.java:1788)
	at org.springframework.beans.factory.support.AbstractAutowireCapableBeanFactory.doCreateBean(AbstractAutowireCapableBeanFactory.java:600)
	at org.springframework.beans.factory.support.AbstractAutowireCapableBeanFactory.createBean(AbstractAutowireCapableBeanFactory.java:522)
	at org.springframework.beans.factory.support.AbstractBeanFactory.lambda$doGetBean$0(AbstractBeanFactory.java:337)
	at org.springframework.beans.factory.support.DefaultSingletonBeanRegistry.getSingleton(DefaultSingletonBeanRegistry.java:234)
	at org.springframework.beans.factory.support.AbstractBeanFactory.doGetBean(AbstractBeanFactory.java:335)
	at org.springframework.beans.factory.support.AbstractBeanFactory.getBean(AbstractBeanFactory.java:200)
	at org.springframework.beans.factory.support.AbstractBeanFactory.doGetBean(AbstractBeanFactory.java:313)
	... 88 common frames omitted
Caused by: org.flywaydb.core.internal.exception.FlywaySqlException: Unable to obtain connection from database: Communications link failure

The last packet sent successfully to the server was 0 milliseconds ago. The driver has not received any packets from the server.
--------------------------------------------------------------------------------------------------------------------------------------------------------------------------------------------------------
SQL State  : 08S01
Error Code : 0
Message    : Communications link failure

The last packet sent successfully to the server was 0 milliseconds ago. The driver has not received any packets from the server.

	at org.flywaydb.core.internal.jdbc.JdbcUtils.openConnection(JdbcUtils.java:60)
	at org.flywaydb.core.internal.jdbc.JdbcConnectionFactory.<init>(JdbcConnectionFactory.java:72)
	at org.flywaydb.core.FlywayExecutor.execute(FlywayExecutor.java:134)
	at org.flywaydb.core.Flyway.migrate(Flyway.java:147)
	at org.springframework.boot.autoconfigure.flyway.FlywayMigrationInitializer.afterPropertiesSet(FlywayMigrationInitializer.java:66)
	at org.springframework.beans.factory.support.AbstractAutowireCapableBeanFactory.invokeInitMethods(AbstractAutowireCapableBeanFactory.java:1835)
	at org.springframework.beans.factory.support.AbstractAutowireCapableBeanFactory.initializeBean(AbstractAutowireCapableBeanFactory.java:1784)
	... 95 common frames omitted
Caused by: com.mysql.cj.jdbc.exceptions.CommunicationsException: Communications link failure

The last packet sent successfully to the server was 0 milliseconds ago. The driver has not received any packets from the server.
	at com.mysql.cj.jdbc.exceptions.SQLError.createCommunicationsException(SQLError.java:174)
	at com.mysql.cj.jdbc.exceptions.SQLExceptionsMapping.translateException(SQLExceptionsMapping.java:64)
	at com.mysql.cj.jdbc.ConnectionImpl.createNewIO(ConnectionImpl.java:815)
	at com.mysql.cj.jdbc.ConnectionImpl.<init>(ConnectionImpl.java:438)
	at com.mysql.cj.jdbc.ConnectionImpl.getInstance(ConnectionImpl.java:241)
	at com.mysql.cj.jdbc.NonRegisteringDriver.connect(NonRegisteringDriver.java:189)
	at com.zaxxer.hikari.util.DriverDataSource.getConnection(DriverDataSource.java:137)
	at com.zaxxer.hikari.pool.PoolBase.newConnection(PoolBase.java:360)
	at com.zaxxer.hikari.pool.PoolBase.newPoolEntry(PoolBase.java:202)
	at com.zaxxer.hikari.pool.HikariPool.createPoolEntry(HikariPool.java:461)
	at com.zaxxer.hikari.pool.HikariPool.checkFailFast(HikariPool.java:550)
	at com.zaxxer.hikari.pool.HikariPool.<init>(HikariPool.java:98)
	at com.zaxxer.hikari.HikariDataSource.getConnection(HikariDataSource.java:111)
	at org.flywaydb.core.internal.jdbc.JdbcUtils.openConnection(JdbcUtils.java:48)
	... 101 common frames omitted
Caused by: com.mysql.cj.exceptions.CJCommunicationsException: Communications link failure

The last packet sent successfully to the server was 0 milliseconds ago. The driver has not received any packets from the server.
	at java.base/jdk.internal.reflect.DirectConstructorHandleAccessor.newInstance(DirectConstructorHandleAccessor.java:62)
	at java.base/java.lang.reflect.Constructor.newInstanceWithCaller(Constructor.java:502)
	at java.base/java.lang.reflect.Constructor.newInstance(Constructor.java:486)
	at com.mysql.cj.exceptions.ExceptionFactory.createException(ExceptionFactory.java:61)
	at com.mysql.cj.exceptions.ExceptionFactory.createException(ExceptionFactory.java:104)
	at com.mysql.cj.exceptions.ExceptionFactory.createException(ExceptionFactory.java:149)
	at com.mysql.cj.exceptions.ExceptionFactory.createCommunicationsException(ExceptionFactory.java:165)
	at com.mysql.cj.protocol.a.NativeSocketConnection.connect(NativeSocketConnection.java:88)
	at com.mysql.cj.NativeSession.connect(NativeSession.java:120)
	at com.mysql.cj.jdbc.ConnectionImpl.connectOneTryOnly(ConnectionImpl.java:935)
	at com.mysql.cj.jdbc.ConnectionImpl.createNewIO(ConnectionImpl.java:805)
	... 112 common frames omitted
Caused by: java.net.UnknownHostException: school-mysql
	at java.base/java.net.InetAddress$CachedLookup.get(InetAddress.java:988)
	at java.base/java.net.InetAddress.getAllByName0(InetAddress.java:1818)
	at java.base/java.net.InetAddress.getAllByName(InetAddress.java:1688)
	at com.mysql.cj.protocol.StandardSocketFactory.connect(StandardSocketFactory.java:130)
	at com.mysql.cj.protocol.a.NativeSocketConnection.connect(NativeSocketConnection.java:62)
	... 115 common frames omitted
2026-05-17 17:55:01,511 INFO o.h.v.i.u.Version [background-preinit] HV000001: Hibernate Validator 8.0.1.Final
2026-05-17 17:55:01,626 INFO o.s.b.l.DeferredLog [restartedMain] Devtools property defaults active! Set 'spring.devtools.add-properties' to 'false' to disable
2026-05-17 17:55:01,627 INFO o.s.b.l.DeferredLog [restartedMain] For additional web related logging consider setting the 'logging.level.web' property to 'DEBUG'
2026-05-17 17:55:02,442 INFO o.s.d.r.c.RepositoryConfigurationDelegate [restartedMain] Bootstrapping Spring Data JPA repositories in DEFAULT mode.
2026-05-17 17:55:02,527 INFO o.s.d.r.c.RepositoryConfigurationDelegate [restartedMain] Finished Spring Data repository scanning in 80 ms. Found 7 JPA repository interfaces.
2026-05-17 17:55:03,223 INFO o.s.c.c.s.GenericScope [restartedMain] BeanFactory id=46b6c3d3-560d-38fb-ad4d-14c652cfc037
2026-05-17 17:55:03,592 WARN o.s.c.s.PostProcessorRegistrationDelegate$BeanPostProcessorChecker [restartedMain] Bean 'org.springframework.cloud.client.loadbalancer.LoadBalancerAutoConfiguration$DeferringLoadBalancerInterceptorConfig' of type [org.springframework.cloud.client.loadbalancer.LoadBalancerAutoConfiguration$DeferringLoadBalancerInterceptorConfig] is not eligible for getting processed by all BeanPostProcessors (for example: not eligible for auto-proxying). The currently created BeanPostProcessor [lbRestClientPostProcessor] is declared through a non-static factory method on that class; consider declaring it as static instead.
2026-05-17 17:55:03,596 WARN o.s.c.s.PostProcessorRegistrationDelegate$BeanPostProcessorChecker [restartedMain] Bean 'deferringLoadBalancerInterceptor' of type [org.springframework.cloud.client.loadbalancer.DeferringLoadBalancerInterceptor] is not eligible for getting processed by all BeanPostProcessors (for example: not eligible for auto-proxying). Is this bean getting eagerly injected into a currently created BeanPostProcessor [lbRestClientPostProcessor]? Check the corresponding BeanPostProcessor declaration and its dependencies.
2026-05-17 17:55:03,601 WARN o.s.c.s.PostProcessorRegistrationDelegate$BeanPostProcessorChecker [restartedMain] Bean 'org.springframework.cloud.client.loadbalancer.reactive.LoadBalancerBeanPostProcessorAutoConfiguration' of type [org.springframework.cloud.client.loadbalancer.reactive.LoadBalancerBeanPostProcessorAutoConfiguration] is not eligible for getting processed by all BeanPostProcessors (for example: not eligible for auto-proxying). The currently created BeanPostProcessor [loadBalancerWebClientBuilderBeanPostProcessor] is declared through a non-static factory method on that class; consider declaring it as static instead.
2026-05-17 17:55:03,603 WARN o.s.c.s.PostProcessorRegistrationDelegate$BeanPostProcessorChecker [restartedMain] Bean 'org.springframework.cloud.client.loadbalancer.reactive.LoadBalancerBeanPostProcessorAutoConfiguration$ReactorDeferringLoadBalancerFilterConfig' of type [org.springframework.cloud.client.loadbalancer.reactive.LoadBalancerBeanPostProcessorAutoConfiguration$ReactorDeferringLoadBalancerFilterConfig] is not eligible for getting processed by all BeanPostProcessors (for example: not eligible for auto-proxying). Is this bean getting eagerly injected into a currently created BeanPostProcessor [loadBalancerWebClientBuilderBeanPostProcessor]? Check the corresponding BeanPostProcessor declaration and its dependencies.
2026-05-17 17:55:03,606 WARN o.s.c.s.PostProcessorRegistrationDelegate$BeanPostProcessorChecker [restartedMain] Bean 'reactorDeferringLoadBalancerExchangeFilterFunction' of type [org.springframework.cloud.client.loadbalancer.reactive.DeferringLoadBalancerExchangeFilterFunction] is not eligible for getting processed by all BeanPostProcessors (for example: not eligible for auto-proxying). Is this bean getting eagerly injected into a currently created BeanPostProcessor [loadBalancerWebClientBuilderBeanPostProcessor]? Check the corresponding BeanPostProcessor declaration and its dependencies.
2026-05-17 17:55:04,159 INFO o.s.b.w.e.t.TomcatWebServer [restartedMain] Tomcat initialized with port 8080 (http)
2026-05-17 17:55:04,171 INFO o.a.j.l.DirectJDKLog [restartedMain] Initializing ProtocolHandler ["http-nio-8080"]
2026-05-17 17:55:04,174 INFO o.a.j.l.DirectJDKLog [restartedMain] Starting service [Tomcat]
2026-05-17 17:55:04,174 INFO o.a.j.l.DirectJDKLog [restartedMain] Starting Servlet engine: [Apache Tomcat/10.1.24]
2026-05-17 17:55:04,232 INFO o.a.j.l.DirectJDKLog [restartedMain] Initializing Spring embedded WebApplicationContext
2026-05-17 17:55:04,233 INFO o.s.b.w.s.c.ServletWebServerApplicationContext [restartedMain] Root WebApplicationContext: initialization completed in 2604 ms
2026-05-17 17:55:04,713 INFO c.z.h.HikariDataSource [restartedMain] HikariPool-1 - Starting...
2026-05-17 17:55:08,496 INFO c.z.h.HikariDataSource [restartedMain] HikariPool-1 - Starting...
2026-05-17 17:55:09,506 INFO c.z.h.HikariDataSource [restartedMain] HikariPool-1 - Starting...
2026-05-17 17:55:10,524 WARN o.s.c.s.AbstractApplicationContext [restartedMain] Exception encountered during context initialization - cancelling refresh attempt: org.springframework.beans.factory.BeanCreationException: Error creating bean with name 'entityManagerFactory' defined in class path resource [org/springframework/boot/autoconfigure/orm/jpa/HibernateJpaConfiguration.class]: Failed to initialize dependency 'flywayInitializer' of LoadTimeWeaverAware bean 'entityManagerFactory': Error creating bean with name 'flywayInitializer' defined in class path resource [org/springframework/boot/autoconfigure/flyway/FlywayAutoConfiguration$FlywayConfiguration.class]: Unable to obtain connection from database: Communications link failure

The last packet sent successfully to the server was 0 milliseconds ago. The driver has not received any packets from the server.
--------------------------------------------------------------------------------------------------------------------------------------------------------------------------------------------------------
SQL State  : 08S01
Error Code : 0
Message    : Communications link failure

The last packet sent successfully to the server was 0 milliseconds ago. The driver has not received any packets from the server.

2026-05-17 17:55:10,529 INFO o.a.j.l.DirectJDKLog [restartedMain] Stopping service [Tomcat]
2026-05-17 17:55:10,553 INFO o.s.b.a.l.ConditionEvaluationReportLogger [restartedMain] 

Error starting ApplicationContext. To display the condition evaluation report re-run your application with 'debug' enabled.
2026-05-17 17:55:10,566 ERROR o.s.b.SpringApplication [restartedMain] Application run failed
org.springframework.beans.factory.BeanCreationException: Error creating bean with name 'entityManagerFactory' defined in class path resource [org/springframework/boot/autoconfigure/orm/jpa/HibernateJpaConfiguration.class]: Failed to initialize dependency 'flywayInitializer' of LoadTimeWeaverAware bean 'entityManagerFactory': Error creating bean with name 'flywayInitializer' defined in class path resource [org/springframework/boot/autoconfigure/flyway/FlywayAutoConfiguration$FlywayConfiguration.class]: Unable to obtain connection from database: Communications link failure

The last packet sent successfully to the server was 0 milliseconds ago. The driver has not received any packets from the server.
--------------------------------------------------------------------------------------------------------------------------------------------------------------------------------------------------------
SQL State  : 08S01
Error Code : 0
Message    : Communications link failure

The last packet sent successfully to the server was 0 milliseconds ago. The driver has not received any packets from the server.

	at org.springframework.beans.factory.support.AbstractBeanFactory.doGetBean(AbstractBeanFactory.java:326)
	at org.springframework.beans.factory.support.AbstractBeanFactory.getBean(AbstractBeanFactory.java:205)
	at org.springframework.context.support.AbstractApplicationContext.finishBeanFactoryInitialization(AbstractApplicationContext.java:952)
	at org.springframework.context.support.AbstractApplicationContext.refresh(AbstractApplicationContext.java:624)
	at org.springframework.boot.web.servlet.context.ServletWebServerApplicationContext.refresh(ServletWebServerApplicationContext.java:146)
	at org.springframework.boot.SpringApplication.refresh(SpringApplication.java:754)
	at org.springframework.boot.SpringApplication.refreshContext(SpringApplication.java:456)
	at org.springframework.boot.SpringApplication.run(SpringApplication.java:335)
	at org.springframework.boot.SpringApplication.run(SpringApplication.java:1363)
	at org.springframework.boot.SpringApplication.run(SpringApplication.java:1352)
	at com.shinepublicschool.ShinePublicSchoolWebAppApplication.main(ShinePublicSchoolWebAppApplication.java:16)
	at java.base/jdk.internal.reflect.DirectMethodHandleAccessor.invoke(DirectMethodHandleAccessor.java:103)
	at java.base/java.lang.reflect.Method.invoke(Method.java:580)
	at org.springframework.boot.devtools.restart.RestartLauncher.run(RestartLauncher.java:50)
Caused by: org.springframework.beans.factory.BeanCreationException: Error creating bean with name 'flywayInitializer' defined in class path resource [org/springframework/boot/autoconfigure/flyway/FlywayAutoConfiguration$FlywayConfiguration.class]: Unable to obtain connection from database: Communications link failure

The last packet sent successfully to the server was 0 milliseconds ago. The driver has not received any packets from the server.
--------------------------------------------------------------------------------------------------------------------------------------------------------------------------------------------------------
SQL State  : 08S01
Error Code : 0
Message    : Communications link failure

The last packet sent successfully to the server was 0 milliseconds ago. The driver has not received any packets from the server.

	at org.springframework.beans.factory.support.AbstractAutowireCapableBeanFactory.initializeBean(AbstractAutowireCapableBeanFactory.java:1788)
	at org.springframework.beans.factory.support.AbstractAutowireCapableBeanFactory.doCreateBean(AbstractAutowireCapableBeanFactory.java:600)
	at org.springframework.beans.factory.support.AbstractAutowireCapableBeanFactory.createBean(AbstractAutowireCapableBeanFactory.java:522)
	at org.springframework.beans.factory.support.AbstractBeanFactory.lambda$doGetBean$0(AbstractBeanFactory.java:337)
	at org.springframework.beans.factory.support.DefaultSingletonBeanRegistry.getSingleton(DefaultSingletonBeanRegistry.java:234)
	at org.springframework.beans.factory.support.AbstractBeanFactory.doGetBean(AbstractBeanFactory.java:335)
	at org.springframework.beans.factory.support.AbstractBeanFactory.getBean(AbstractBeanFactory.java:200)
	at org.springframework.beans.factory.support.AbstractBeanFactory.doGetBean(AbstractBeanFactory.java:313)
	... 13 common frames omitted
Caused by: org.flywaydb.core.internal.exception.FlywaySqlException: Unable to obtain connection from database: Communications link failure

The last packet sent successfully to the server was 0 milliseconds ago. The driver has not received any packets from the server.
--------------------------------------------------------------------------------------------------------------------------------------------------------------------------------------------------------
SQL State  : 08S01
Error Code : 0
Message    : Communications link failure

The last packet sent successfully to the server was 0 milliseconds ago. The driver has not received any packets from the server.

	at org.flywaydb.core.internal.jdbc.JdbcUtils.openConnection(JdbcUtils.java:60)
	at org.flywaydb.core.internal.jdbc.JdbcConnectionFactory.<init>(JdbcConnectionFactory.java:72)
	at org.flywaydb.core.FlywayExecutor.execute(FlywayExecutor.java:134)
	at org.flywaydb.core.Flyway.migrate(Flyway.java:147)
	at org.springframework.boot.autoconfigure.flyway.FlywayMigrationInitializer.afterPropertiesSet(FlywayMigrationInitializer.java:66)
	at org.springframework.beans.factory.support.AbstractAutowireCapableBeanFactory.invokeInitMethods(AbstractAutowireCapableBeanFactory.java:1835)
	at org.springframework.beans.factory.support.AbstractAutowireCapableBeanFactory.initializeBean(AbstractAutowireCapableBeanFactory.java:1784)
	... 20 common frames omitted
Caused by: com.mysql.cj.jdbc.exceptions.CommunicationsException: Communications link failure

The last packet sent successfully to the server was 0 milliseconds ago. The driver has not received any packets from the server.
	at com.mysql.cj.jdbc.exceptions.SQLError.createCommunicationsException(SQLError.java:174)
	at com.mysql.cj.jdbc.exceptions.SQLExceptionsMapping.translateException(SQLExceptionsMapping.java:64)
	at com.mysql.cj.jdbc.ConnectionImpl.createNewIO(ConnectionImpl.java:815)
	at com.mysql.cj.jdbc.ConnectionImpl.<init>(ConnectionImpl.java:438)
	at com.mysql.cj.jdbc.ConnectionImpl.getInstance(ConnectionImpl.java:241)
	at com.mysql.cj.jdbc.NonRegisteringDriver.connect(NonRegisteringDriver.java:189)
	at com.zaxxer.hikari.util.DriverDataSource.getConnection(DriverDataSource.java:137)
	at com.zaxxer.hikari.pool.PoolBase.newConnection(PoolBase.java:360)
	at com.zaxxer.hikari.pool.PoolBase.newPoolEntry(PoolBase.java:202)
	at com.zaxxer.hikari.pool.HikariPool.createPoolEntry(HikariPool.java:461)
	at com.zaxxer.hikari.pool.HikariPool.checkFailFast(HikariPool.java:550)
	at com.zaxxer.hikari.pool.HikariPool.<init>(HikariPool.java:98)
	at com.zaxxer.hikari.HikariDataSource.getConnection(HikariDataSource.java:111)
	at org.flywaydb.core.internal.jdbc.JdbcUtils.openConnection(JdbcUtils.java:48)
	... 26 common frames omitted
Caused by: com.mysql.cj.exceptions.CJCommunicationsException: Communications link failure

The last packet sent successfully to the server was 0 milliseconds ago. The driver has not received any packets from the server.
	at java.base/jdk.internal.reflect.DirectConstructorHandleAccessor.newInstance(DirectConstructorHandleAccessor.java:62)
	at java.base/java.lang.reflect.Constructor.newInstanceWithCaller(Constructor.java:502)
	at java.base/java.lang.reflect.Constructor.newInstance(Constructor.java:486)
	at com.mysql.cj.exceptions.ExceptionFactory.createException(ExceptionFactory.java:61)
	at com.mysql.cj.exceptions.ExceptionFactory.createException(ExceptionFactory.java:104)
	at com.mysql.cj.exceptions.ExceptionFactory.createException(ExceptionFactory.java:149)
	at com.mysql.cj.exceptions.ExceptionFactory.createCommunicationsException(ExceptionFactory.java:165)
	at com.mysql.cj.protocol.a.NativeSocketConnection.connect(NativeSocketConnection.java:88)
	at com.mysql.cj.NativeSession.connect(NativeSession.java:120)
	at com.mysql.cj.jdbc.ConnectionImpl.connectOneTryOnly(ConnectionImpl.java:935)
	at com.mysql.cj.jdbc.ConnectionImpl.createNewIO(ConnectionImpl.java:805)
	... 37 common frames omitted
Caused by: java.net.UnknownHostException: school-mysql
	at java.base/java.net.InetAddress$CachedLookup.get(InetAddress.java:988)
	at java.base/java.net.InetAddress.getAllByName0(InetAddress.java:1818)
	at java.base/java.net.InetAddress.getAllByName(InetAddress.java:1688)
	at com.mysql.cj.protocol.StandardSocketFactory.connect(StandardSocketFactory.java:130)
	at com.mysql.cj.protocol.a.NativeSocketConnection.connect(NativeSocketConnection.java:62)
	... 40 common frames omitted
2026-05-17 17:56:40,456 INFO o.s.t.c.s.AnnotationConfigContextLoaderUtils [main] Could not detect default configuration classes for test class [com.shinepublicschool.ShinePublicSchoolWebAppApplicationTests]: ShinePublicSchoolWebAppApplicationTests does not declare any static, non-private, non-final, nested classes annotated with @Configuration.
2026-05-17 17:56:40,533 INFO o.s.b.t.c.SpringBootTestContextBootstrapper [main] Found @SpringBootConfiguration com.shinepublicschool.ShinePublicSchoolWebAppApplication for test class com.shinepublicschool.ShinePublicSchoolWebAppApplicationTests
2026-05-17 17:56:40,650 INFO o.s.b.d.r.RestartApplicationListener [main] Restart disabled due to context in which it is running
2026-05-17 17:56:40,880 INFO o.h.v.i.u.Version [background-preinit] HV000001: Hibernate Validator 8.0.1.Final
2026-05-17 17:56:41,692 INFO o.s.d.r.c.RepositoryConfigurationDelegate [main] Bootstrapping Spring Data JPA repositories in DEFAULT mode.
2026-05-17 17:56:41,797 INFO o.s.d.r.c.RepositoryConfigurationDelegate [main] Finished Spring Data repository scanning in 99 ms. Found 7 JPA repository interfaces.
2026-05-17 17:56:42,514 INFO o.s.c.c.s.GenericScope [main] BeanFactory id=e4d78bc9-f1d7-37bb-aa72-a78d30131486
2026-05-17 17:56:42,934 WARN o.s.c.s.PostProcessorRegistrationDelegate$BeanPostProcessorChecker [main] Bean 'org.springframework.cloud.client.loadbalancer.LoadBalancerAutoConfiguration$DeferringLoadBalancerInterceptorConfig' of type [org.springframework.cloud.client.loadbalancer.LoadBalancerAutoConfiguration$DeferringLoadBalancerInterceptorConfig] is not eligible for getting processed by all BeanPostProcessors (for example: not eligible for auto-proxying). The currently created BeanPostProcessor [lbRestClientPostProcessor] is declared through a non-static factory method on that class; consider declaring it as static instead.
2026-05-17 17:56:42,938 WARN o.s.c.s.PostProcessorRegistrationDelegate$BeanPostProcessorChecker [main] Bean 'deferringLoadBalancerInterceptor' of type [org.springframework.cloud.client.loadbalancer.DeferringLoadBalancerInterceptor] is not eligible for getting processed by all BeanPostProcessors (for example: not eligible for auto-proxying). Is this bean getting eagerly injected into a currently created BeanPostProcessor [lbRestClientPostProcessor]? Check the corresponding BeanPostProcessor declaration and its dependencies.
2026-05-17 17:56:42,943 WARN o.s.c.s.PostProcessorRegistrationDelegate$BeanPostProcessorChecker [main] Bean 'org.springframework.cloud.client.loadbalancer.reactive.LoadBalancerBeanPostProcessorAutoConfiguration' of type [org.springframework.cloud.client.loadbalancer.reactive.LoadBalancerBeanPostProcessorAutoConfiguration] is not eligible for getting processed by all BeanPostProcessors (for example: not eligible for auto-proxying). The currently created BeanPostProcessor [loadBalancerWebClientBuilderBeanPostProcessor] is declared through a non-static factory method on that class; consider declaring it as static instead.
2026-05-17 17:56:42,945 WARN o.s.c.s.PostProcessorRegistrationDelegate$BeanPostProcessorChecker [main] Bean 'org.springframework.cloud.client.loadbalancer.reactive.LoadBalancerBeanPostProcessorAutoConfiguration$ReactorDeferringLoadBalancerFilterConfig' of type [org.springframework.cloud.client.loadbalancer.reactive.LoadBalancerBeanPostProcessorAutoConfiguration$ReactorDeferringLoadBalancerFilterConfig] is not eligible for getting processed by all BeanPostProcessors (for example: not eligible for auto-proxying). Is this bean getting eagerly injected into a currently created BeanPostProcessor [loadBalancerWebClientBuilderBeanPostProcessor]? Check the corresponding BeanPostProcessor declaration and its dependencies.
2026-05-17 17:56:42,948 WARN o.s.c.s.PostProcessorRegistrationDelegate$BeanPostProcessorChecker [main] Bean 'reactorDeferringLoadBalancerExchangeFilterFunction' of type [org.springframework.cloud.client.loadbalancer.reactive.DeferringLoadBalancerExchangeFilterFunction] is not eligible for getting processed by all BeanPostProcessors (for example: not eligible for auto-proxying). Is this bean getting eagerly injected into a currently created BeanPostProcessor [loadBalancerWebClientBuilderBeanPostProcessor]? Check the corresponding BeanPostProcessor declaration and its dependencies.
2026-05-17 17:56:43,240 INFO c.z.h.HikariDataSource [main] HikariPool-1 - Starting...
2026-05-17 17:56:47,054 INFO c.z.h.HikariDataSource [main] HikariPool-1 - Starting...
2026-05-17 17:56:48,069 INFO c.z.h.HikariDataSource [main] HikariPool-1 - Starting...
2026-05-17 17:56:49,096 WARN o.s.c.s.AbstractApplicationContext [main] Exception encountered during context initialization - cancelling refresh attempt: org.springframework.beans.factory.BeanCreationException: Error creating bean with name 'entityManagerFactory' defined in class path resource [org/springframework/boot/autoconfigure/orm/jpa/HibernateJpaConfiguration.class]: Failed to initialize dependency 'flywayInitializer' of LoadTimeWeaverAware bean 'entityManagerFactory': Error creating bean with name 'flywayInitializer' defined in class path resource [org/springframework/boot/autoconfigure/flyway/FlywayAutoConfiguration$FlywayConfiguration.class]: Unable to obtain connection from database: Communications link failure

The last packet sent successfully to the server was 0 milliseconds ago. The driver has not received any packets from the server.
--------------------------------------------------------------------------------------------------------------------------------------------------------------------------------------------------------
SQL State  : 08S01
Error Code : 0
Message    : Communications link failure

The last packet sent successfully to the server was 0 milliseconds ago. The driver has not received any packets from the server.

2026-05-17 17:56:49,108 INFO o.s.b.a.l.ConditionEvaluationReportLogger [main] 

Error starting ApplicationContext. To display the condition evaluation report re-run your application with 'debug' enabled.
2026-05-17 17:56:49,123 ERROR o.s.b.SpringApplication [main] Application run failed
org.springframework.beans.factory.BeanCreationException: Error creating bean with name 'entityManagerFactory' defined in class path resource [org/springframework/boot/autoconfigure/orm/jpa/HibernateJpaConfiguration.class]: Failed to initialize dependency 'flywayInitializer' of LoadTimeWeaverAware bean 'entityManagerFactory': Error creating bean with name 'flywayInitializer' defined in class path resource [org/springframework/boot/autoconfigure/flyway/FlywayAutoConfiguration$FlywayConfiguration.class]: Unable to obtain connection from database: Communications link failure

The last packet sent successfully to the server was 0 milliseconds ago. The driver has not received any packets from the server.
--------------------------------------------------------------------------------------------------------------------------------------------------------------------------------------------------------
SQL State  : 08S01
Error Code : 0
Message    : Communications link failure

The last packet sent successfully to the server was 0 milliseconds ago. The driver has not received any packets from the server.

	at org.springframework.beans.factory.support.AbstractBeanFactory.doGetBean(AbstractBeanFactory.java:326)
	at org.springframework.beans.factory.support.AbstractBeanFactory.getBean(AbstractBeanFactory.java:205)
	at org.springframework.context.support.AbstractApplicationContext.finishBeanFactoryInitialization(AbstractApplicationContext.java:952)
	at org.springframework.context.support.AbstractApplicationContext.refresh(AbstractApplicationContext.java:624)
	at org.springframework.boot.SpringApplication.refresh(SpringApplication.java:754)
	at org.springframework.boot.SpringApplication.refreshContext(SpringApplication.java:456)
	at org.springframework.boot.SpringApplication.run(SpringApplication.java:335)
	at org.springframework.boot.test.context.SpringBootContextLoader.lambda$loadContext$3(SpringBootContextLoader.java:137)
	at org.springframework.util.function.ThrowingSupplier.get(ThrowingSupplier.java:58)
	at org.springframework.util.function.ThrowingSupplier.get(ThrowingSupplier.java:46)
	at org.springframework.boot.SpringApplication.withHook(SpringApplication.java:1463)
	at org.springframework.boot.test.context.SpringBootContextLoader$ContextLoaderHook.run(SpringBootContextLoader.java:553)
	at org.springframework.boot.test.context.SpringBootContextLoader.loadContext(SpringBootContextLoader.java:137)
	at org.springframework.boot.test.context.SpringBootContextLoader.loadContext(SpringBootContextLoader.java:108)
	at org.springframework.test.context.cache.DefaultCacheAwareContextLoaderDelegate.loadContextInternal(DefaultCacheAwareContextLoaderDelegate.java:225)
	at org.springframework.test.context.cache.DefaultCacheAwareContextLoaderDelegate.loadContext(DefaultCacheAwareContextLoaderDelegate.java:152)
	at org.springframework.test.context.support.DefaultTestContext.getApplicationContext(DefaultTestContext.java:130)
	at org.springframework.test.context.web.ServletTestExecutionListener.setUpRequestContextIfNecessary(ServletTestExecutionListener.java:191)
	at org.springframework.test.context.web.ServletTestExecutionListener.prepareTestInstance(ServletTestExecutionListener.java:130)
	at org.springframework.test.context.TestContextManager.prepareTestInstance(TestContextManager.java:260)
	at org.springframework.test.context.junit.jupiter.SpringExtension.postProcessTestInstance(SpringExtension.java:163)
	at org.junit.jupiter.engine.descriptor.ClassBasedTestDescriptor.lambda$invokeTestInstancePostProcessors$10(ClassBasedTestDescriptor.java:378)
	at org.junit.jupiter.engine.descriptor.ClassBasedTestDescriptor.executeAndMaskThrowable(ClassBasedTestDescriptor.java:383)
	at org.junit.jupiter.engine.descriptor.ClassBasedTestDescriptor.lambda$invokeTestInstancePostProcessors$11(ClassBasedTestDescriptor.java:378)
	at java.base/java.util.stream.ReferencePipeline$3$1.accept(ReferencePipeline.java:197)
	at java.base/java.util.stream.ReferencePipeline$2$1.accept(ReferencePipeline.java:179)
	at java.base/java.util.ArrayList$ArrayListSpliterator.forEachRemaining(ArrayList.java:1708)
	at java.base/java.util.stream.AbstractPipeline.copyInto(AbstractPipeline.java:509)
	at java.base/java.util.stream.AbstractPipeline.wrapAndCopyInto(AbstractPipeline.java:499)
	at java.base/java.util.stream.StreamSpliterators$WrappingSpliterator.forEachRemaining(StreamSpliterators.java:310)
	at java.base/java.util.stream.Streams$ConcatSpliterator.forEachRemaining(Streams.java:735)
	at java.base/java.util.stream.Streams$ConcatSpliterator.forEachRemaining(Streams.java:734)
	at java.base/java.util.stream.ReferencePipeline$Head.forEach(ReferencePipeline.java:762)
	at org.junit.jupiter.engine.descriptor.ClassBasedTestDescriptor.invokeTestInstancePostProcessors(ClassBasedTestDescriptor.java:377)
	at org.junit.jupiter.engine.descriptor.ClassBasedTestDescriptor.lambda$instantiateAndPostProcessTestInstance$6(ClassBasedTestDescriptor.java:290)
	at org.junit.platform.engine.support.hierarchical.ThrowableCollector.execute(ThrowableCollector.java:73)
	at org.junit.jupiter.engine.descriptor.ClassBasedTestDescriptor.instantiateAndPostProcessTestInstance(ClassBasedTestDescriptor.java:289)
	at org.junit.jupiter.engine.descriptor.ClassBasedTestDescriptor.lambda$testInstancesProvider$4(ClassBasedTestDescriptor.java:279)
	at java.base/java.util.Optional.orElseGet(Optional.java:364)
	at org.junit.jupiter.engine.descriptor.ClassBasedTestDescriptor.lambda$testInstancesProvider$5(ClassBasedTestDescriptor.java:278)
	at org.junit.jupiter.engine.execution.TestInstancesProvider.getTestInstances(TestInstancesProvider.java:31)
	at org.junit.jupiter.engine.descriptor.TestMethodTestDescriptor.lambda$prepare$0(TestMethodTestDescriptor.java:106)
	at org.junit.platform.engine.support.hierarchical.ThrowableCollector.execute(ThrowableCollector.java:73)
	at org.junit.jupiter.engine.descriptor.TestMethodTestDescriptor.prepare(TestMethodTestDescriptor.java:105)
	at org.junit.jupiter.engine.descriptor.TestMethodTestDescriptor.prepare(TestMethodTestDescriptor.java:69)
	at org.junit.platform.engine.support.hierarchical.NodeTestTask.lambda$prepare$2(NodeTestTask.java:123)
	at org.junit.platform.engine.support.hierarchical.ThrowableCollector.execute(ThrowableCollector.java:73)
	at org.junit.platform.engine.support.hierarchical.NodeTestTask.prepare(NodeTestTask.java:123)
	at org.junit.platform.engine.support.hierarchical.NodeTestTask.execute(NodeTestTask.java:90)
	at java.base/java.util.ArrayList.forEach(ArrayList.java:1596)
	at org.junit.platform.engine.support.hierarchical.SameThreadHierarchicalTestExecutorService.invokeAll(SameThreadHierarchicalTestExecutorService.java:41)
	at org.junit.platform.engine.support.hierarchical.NodeTestTask.lambda$executeRecursively$6(NodeTestTask.java:155)
	at org.junit.platform.engine.support.hierarchical.ThrowableCollector.execute(ThrowableCollector.java:73)
	at org.junit.platform.engine.support.hierarchical.NodeTestTask.lambda$executeRecursively$8(NodeTestTask.java:141)
	at org.junit.platform.engine.support.hierarchical.Node.around(Node.java:137)
	at org.junit.platform.engine.support.hierarchical.NodeTestTask.lambda$executeRecursively$9(NodeTestTask.java:139)
	at org.junit.platform.engine.support.hierarchical.ThrowableCollector.execute(ThrowableCollector.java:73)
	at org.junit.platform.engine.support.hierarchical.NodeTestTask.executeRecursively(NodeTestTask.java:138)
	at org.junit.platform.engine.support.hierarchical.NodeTestTask.execute(NodeTestTask.java:95)
	at java.base/java.util.ArrayList.forEach(ArrayList.java:1596)
	at org.junit.platform.engine.support.hierarchical.SameThreadHierarchicalTestExecutorService.invokeAll(SameThreadHierarchicalTestExecutorService.java:41)
	at org.junit.platform.engine.support.hierarchical.NodeTestTask.lambda$executeRecursively$6(NodeTestTask.java:155)
	at org.junit.platform.engine.support.hierarchical.ThrowableCollector.execute(ThrowableCollector.java:73)
	at org.junit.platform.engine.support.hierarchical.NodeTestTask.lambda$executeRecursively$8(NodeTestTask.java:141)
	at org.junit.platform.engine.support.hierarchical.Node.around(Node.java:137)
	at org.junit.platform.engine.support.hierarchical.NodeTestTask.lambda$executeRecursively$9(NodeTestTask.java:139)
	at org.junit.platform.engine.support.hierarchical.ThrowableCollector.execute(ThrowableCollector.java:73)
	at org.junit.platform.engine.support.hierarchical.NodeTestTask.executeRecursively(NodeTestTask.java:138)
	at org.junit.platform.engine.support.hierarchical.NodeTestTask.execute(NodeTestTask.java:95)
	at org.junit.platform.engine.support.hierarchical.SameThreadHierarchicalTestExecutorService.submit(SameThreadHierarchicalTestExecutorService.java:35)
	at org.junit.platform.engine.support.hierarchical.HierarchicalTestExecutor.execute(HierarchicalTestExecutor.java:57)
	at org.junit.platform.engine.support.hierarchical.HierarchicalTestEngine.execute(HierarchicalTestEngine.java:54)
	at org.junit.platform.launcher.core.EngineExecutionOrchestrator.execute(EngineExecutionOrchestrator.java:198)
	at org.junit.platform.launcher.core.EngineExecutionOrchestrator.execute(EngineExecutionOrchestrator.java:169)
	at org.junit.platform.launcher.core.EngineExecutionOrchestrator.execute(EngineExecutionOrchestrator.java:93)
	at org.junit.platform.launcher.core.EngineExecutionOrchestrator.lambda$execute$0(EngineExecutionOrchestrator.java:58)
	at org.junit.platform.launcher.core.EngineExecutionOrchestrator.withInterceptedStreams(EngineExecutionOrchestrator.java:141)
	at org.junit.platform.launcher.core.EngineExecutionOrchestrator.execute(EngineExecutionOrchestrator.java:57)
	at org.junit.platform.launcher.core.DefaultLauncher.execute(DefaultLauncher.java:103)
	at org.junit.platform.launcher.core.DefaultLauncher.execute(DefaultLauncher.java:85)
	at org.junit.platform.launcher.core.DelegatingLauncher.execute(DelegatingLauncher.java:47)
	at org.apache.maven.surefire.junitplatform.LazyLauncher.execute(LazyLauncher.java:56)
	at org.apache.maven.surefire.junitplatform.JUnitPlatformProvider.execute(JUnitPlatformProvider.java:184)
	at org.apache.maven.surefire.junitplatform.JUnitPlatformProvider.invokeAllTests(JUnitPlatformProvider.java:148)
	at org.apache.maven.surefire.junitplatform.JUnitPlatformProvider.invoke(JUnitPlatformProvider.java:122)
	at org.apache.maven.surefire.booter.ForkedBooter.runSuitesInProcess(ForkedBooter.java:385)
	at org.apache.maven.surefire.booter.ForkedBooter.execute(ForkedBooter.java:162)
	at org.apache.maven.surefire.booter.ForkedBooter.run(ForkedBooter.java:507)
	at org.apache.maven.surefire.booter.ForkedBooter.main(ForkedBooter.java:495)
Caused by: org.springframework.beans.factory.BeanCreationException: Error creating bean with name 'flywayInitializer' defined in class path resource [org/springframework/boot/autoconfigure/flyway/FlywayAutoConfiguration$FlywayConfiguration.class]: Unable to obtain connection from database: Communications link failure

The last packet sent successfully to the server was 0 milliseconds ago. The driver has not received any packets from the server.
--------------------------------------------------------------------------------------------------------------------------------------------------------------------------------------------------------
SQL State  : 08S01
Error Code : 0
Message    : Communications link failure

The last packet sent successfully to the server was 0 milliseconds ago. The driver has not received any packets from the server.

	at org.springframework.beans.factory.support.AbstractAutowireCapableBeanFactory.initializeBean(AbstractAutowireCapableBeanFactory.java:1788)
	at org.springframework.beans.factory.support.AbstractAutowireCapableBeanFactory.doCreateBean(AbstractAutowireCapableBeanFactory.java:600)
	at org.springframework.beans.factory.support.AbstractAutowireCapableBeanFactory.createBean(AbstractAutowireCapableBeanFactory.java:522)
	at org.springframework.beans.factory.support.AbstractBeanFactory.lambda$doGetBean$0(AbstractBeanFactory.java:337)
	at org.springframework.beans.factory.support.DefaultSingletonBeanRegistry.getSingleton(DefaultSingletonBeanRegistry.java:234)
	at org.springframework.beans.factory.support.AbstractBeanFactory.doGetBean(AbstractBeanFactory.java:335)
	at org.springframework.beans.factory.support.AbstractBeanFactory.getBean(AbstractBeanFactory.java:200)
	at org.springframework.beans.factory.support.AbstractBeanFactory.doGetBean(AbstractBeanFactory.java:313)
	... 88 common frames omitted
Caused by: org.flywaydb.core.internal.exception.FlywaySqlException: Unable to obtain connection from database: Communications link failure

The last packet sent successfully to the server was 0 milliseconds ago. The driver has not received any packets from the server.
--------------------------------------------------------------------------------------------------------------------------------------------------------------------------------------------------------
SQL State  : 08S01
Error Code : 0
Message    : Communications link failure

The last packet sent successfully to the server was 0 milliseconds ago. The driver has not received any packets from the server.

	at org.flywaydb.core.internal.jdbc.JdbcUtils.openConnection(JdbcUtils.java:60)
	at org.flywaydb.core.internal.jdbc.JdbcConnectionFactory.<init>(JdbcConnectionFactory.java:72)
	at org.flywaydb.core.FlywayExecutor.execute(FlywayExecutor.java:134)
	at org.flywaydb.core.Flyway.migrate(Flyway.java:147)
	at org.springframework.boot.autoconfigure.flyway.FlywayMigrationInitializer.afterPropertiesSet(FlywayMigrationInitializer.java:66)
	at org.springframework.beans.factory.support.AbstractAutowireCapableBeanFactory.invokeInitMethods(AbstractAutowireCapableBeanFactory.java:1835)
	at org.springframework.beans.factory.support.AbstractAutowireCapableBeanFactory.initializeBean(AbstractAutowireCapableBeanFactory.java:1784)
	... 95 common frames omitted
Caused by: com.mysql.cj.jdbc.exceptions.CommunicationsException: Communications link failure

The last packet sent successfully to the server was 0 milliseconds ago. The driver has not received any packets from the server.
	at com.mysql.cj.jdbc.exceptions.SQLError.createCommunicationsException(SQLError.java:174)
	at com.mysql.cj.jdbc.exceptions.SQLExceptionsMapping.translateException(SQLExceptionsMapping.java:64)
	at com.mysql.cj.jdbc.ConnectionImpl.createNewIO(ConnectionImpl.java:815)
	at com.mysql.cj.jdbc.ConnectionImpl.<init>(ConnectionImpl.java:438)
	at com.mysql.cj.jdbc.ConnectionImpl.getInstance(ConnectionImpl.java:241)
	at com.mysql.cj.jdbc.NonRegisteringDriver.connect(NonRegisteringDriver.java:189)
	at com.zaxxer.hikari.util.DriverDataSource.getConnection(DriverDataSource.java:137)
	at com.zaxxer.hikari.pool.PoolBase.newConnection(PoolBase.java:360)
	at com.zaxxer.hikari.pool.PoolBase.newPoolEntry(PoolBase.java:202)
	at com.zaxxer.hikari.pool.HikariPool.createPoolEntry(HikariPool.java:461)
	at com.zaxxer.hikari.pool.HikariPool.checkFailFast(HikariPool.java:550)
	at com.zaxxer.hikari.pool.HikariPool.<init>(HikariPool.java:98)
	at com.zaxxer.hikari.HikariDataSource.getConnection(HikariDataSource.java:111)
	at org.flywaydb.core.internal.jdbc.JdbcUtils.openConnection(JdbcUtils.java:48)
	... 101 common frames omitted
Caused by: com.mysql.cj.exceptions.CJCommunicationsException: Communications link failure

The last packet sent successfully to the server was 0 milliseconds ago. The driver has not received any packets from the server.
	at java.base/jdk.internal.reflect.DirectConstructorHandleAccessor.newInstance(DirectConstructorHandleAccessor.java:62)
	at java.base/java.lang.reflect.Constructor.newInstanceWithCaller(Constructor.java:502)
	at java.base/java.lang.reflect.Constructor.newInstance(Constructor.java:486)
	at com.mysql.cj.exceptions.ExceptionFactory.createException(ExceptionFactory.java:61)
	at com.mysql.cj.exceptions.ExceptionFactory.createException(ExceptionFactory.java:104)
	at com.mysql.cj.exceptions.ExceptionFactory.createException(ExceptionFactory.java:149)
	at com.mysql.cj.exceptions.ExceptionFactory.createCommunicationsException(ExceptionFactory.java:165)
	at com.mysql.cj.protocol.a.NativeSocketConnection.connect(NativeSocketConnection.java:88)
	at com.mysql.cj.NativeSession.connect(NativeSession.java:120)
	at com.mysql.cj.jdbc.ConnectionImpl.connectOneTryOnly(ConnectionImpl.java:935)
	at com.mysql.cj.jdbc.ConnectionImpl.createNewIO(ConnectionImpl.java:805)
	... 112 common frames omitted
Caused by: java.net.UnknownHostException: school-mysql
	at java.base/java.net.InetAddress$CachedLookup.get(InetAddress.java:988)
	at java.base/java.net.InetAddress.getAllByName0(InetAddress.java:1818)
	at java.base/java.net.InetAddress.getAllByName(InetAddress.java:1688)
	at com.mysql.cj.protocol.StandardSocketFactory.connect(StandardSocketFactory.java:130)
	at com.mysql.cj.protocol.a.NativeSocketConnection.connect(NativeSocketConnection.java:62)
	... 115 common frames omitted
2026-05-17 17:56:49,128 WARN o.s.t.c.TestContextManager [main] Caught exception while allowing TestExecutionListener [org.springframework.test.context.web.ServletTestExecutionListener] to prepare test instance [com.shinepublicschool.ShinePublicSchoolWebAppApplicationTests@460b77d6]
java.lang.IllegalStateException: Failed to load ApplicationContext for [WebMergedContextConfiguration@11c25846 testClass = com.shinepublicschool.ShinePublicSchoolWebAppApplicationTests, locations = [], classes = [com.shinepublicschool.ShinePublicSchoolWebAppApplication], contextInitializerClasses = [], activeProfiles = [], propertySourceDescriptors = [], propertySourceProperties = ["org.springframework.boot.test.context.SpringBootTestContextBootstrapper=true"], contextCustomizers = [org.springframework.boot.test.context.filter.ExcludeFilterContextCustomizer@294e5088, org.springframework.boot.test.json.DuplicateJsonObjectContextCustomizerFactory$DuplicateJsonObjectContextCustomizer@31000e60, org.springframework.boot.test.mock.mockito.MockitoContextCustomizer@0, org.springframework.boot.test.web.client.TestRestTemplateContextCustomizer@64ba3208, org.springframework.boot.test.web.reactive.server.WebTestClientContextCustomizer@1d131e1b, org.springframework.boot.test.autoconfigure.actuate.observability.ObservabilityContextCustomizerFactory$DisableObservabilityContextCustomizer@1f, org.springframework.boot.test.autoconfigure.properties.PropertyMappingContextCustomizer@0, org.springframework.boot.test.autoconfigure.web.servlet.WebDriverContextCustomizer@4d722ac9, org.springframework.boot.test.context.SpringBootTestAnnotation@c557cb78], resourceBasePath = "src/main/webapp", contextLoader = org.springframework.boot.test.context.SpringBootContextLoader, parent = null]
	at org.springframework.test.context.cache.DefaultCacheAwareContextLoaderDelegate.loadContext(DefaultCacheAwareContextLoaderDelegate.java:180)
	at org.springframework.test.context.support.DefaultTestContext.getApplicationContext(DefaultTestContext.java:130)
	at org.springframework.test.context.web.ServletTestExecutionListener.setUpRequestContextIfNecessary(ServletTestExecutionListener.java:191)
	at org.springframework.test.context.web.ServletTestExecutionListener.prepareTestInstance(ServletTestExecutionListener.java:130)
	at org.springframework.test.context.TestContextManager.prepareTestInstance(TestContextManager.java:260)
	at org.springframework.test.context.junit.jupiter.SpringExtension.postProcessTestInstance(SpringExtension.java:163)
	at org.junit.jupiter.engine.descriptor.ClassBasedTestDescriptor.lambda$invokeTestInstancePostProcessors$10(ClassBasedTestDescriptor.java:378)
	at org.junit.jupiter.engine.descriptor.ClassBasedTestDescriptor.executeAndMaskThrowable(ClassBasedTestDescriptor.java:383)
	at org.junit.jupiter.engine.descriptor.ClassBasedTestDescriptor.lambda$invokeTestInstancePostProcessors$11(ClassBasedTestDescriptor.java:378)
	at java.base/java.util.stream.ReferencePipeline$3$1.accept(ReferencePipeline.java:197)
	at java.base/java.util.stream.ReferencePipeline$2$1.accept(ReferencePipeline.java:179)
	at java.base/java.util.ArrayList$ArrayListSpliterator.forEachRemaining(ArrayList.java:1708)
	at java.base/java.util.stream.AbstractPipeline.copyInto(AbstractPipeline.java:509)
	at java.base/java.util.stream.AbstractPipeline.wrapAndCopyInto(AbstractPipeline.java:499)
	at java.base/java.util.stream.StreamSpliterators$WrappingSpliterator.forEachRemaining(StreamSpliterators.java:310)
	at java.base/java.util.stream.Streams$ConcatSpliterator.forEachRemaining(Streams.java:735)
	at java.base/java.util.stream.Streams$ConcatSpliterator.forEachRemaining(Streams.java:734)
	at java.base/java.util.stream.ReferencePipeline$Head.forEach(ReferencePipeline.java:762)
	at org.junit.jupiter.engine.descriptor.ClassBasedTestDescriptor.invokeTestInstancePostProcessors(ClassBasedTestDescriptor.java:377)
	at org.junit.jupiter.engine.descriptor.ClassBasedTestDescriptor.lambda$instantiateAndPostProcessTestInstance$6(ClassBasedTestDescriptor.java:290)
	at org.junit.platform.engine.support.hierarchical.ThrowableCollector.execute(ThrowableCollector.java:73)
	at org.junit.jupiter.engine.descriptor.ClassBasedTestDescriptor.instantiateAndPostProcessTestInstance(ClassBasedTestDescriptor.java:289)
	at org.junit.jupiter.engine.descriptor.ClassBasedTestDescriptor.lambda$testInstancesProvider$4(ClassBasedTestDescriptor.java:279)
	at java.base/java.util.Optional.orElseGet(Optional.java:364)
	at org.junit.jupiter.engine.descriptor.ClassBasedTestDescriptor.lambda$testInstancesProvider$5(ClassBasedTestDescriptor.java:278)
	at org.junit.jupiter.engine.execution.TestInstancesProvider.getTestInstances(TestInstancesProvider.java:31)
	at org.junit.jupiter.engine.descriptor.TestMethodTestDescriptor.lambda$prepare$0(TestMethodTestDescriptor.java:106)
	at org.junit.platform.engine.support.hierarchical.ThrowableCollector.execute(ThrowableCollector.java:73)
	at org.junit.jupiter.engine.descriptor.TestMethodTestDescriptor.prepare(TestMethodTestDescriptor.java:105)
	at org.junit.jupiter.engine.descriptor.TestMethodTestDescriptor.prepare(TestMethodTestDescriptor.java:69)
	at org.junit.platform.engine.support.hierarchical.NodeTestTask.lambda$prepare$2(NodeTestTask.java:123)
	at org.junit.platform.engine.support.hierarchical.ThrowableCollector.execute(ThrowableCollector.java:73)
	at org.junit.platform.engine.support.hierarchical.NodeTestTask.prepare(NodeTestTask.java:123)
	at org.junit.platform.engine.support.hierarchical.NodeTestTask.execute(NodeTestTask.java:90)
	at java.base/java.util.ArrayList.forEach(ArrayList.java:1596)
	at org.junit.platform.engine.support.hierarchical.SameThreadHierarchicalTestExecutorService.invokeAll(SameThreadHierarchicalTestExecutorService.java:41)
	at org.junit.platform.engine.support.hierarchical.NodeTestTask.lambda$executeRecursively$6(NodeTestTask.java:155)
	at org.junit.platform.engine.support.hierarchical.ThrowableCollector.execute(ThrowableCollector.java:73)
	at org.junit.platform.engine.support.hierarchical.NodeTestTask.lambda$executeRecursively$8(NodeTestTask.java:141)
	at org.junit.platform.engine.support.hierarchical.Node.around(Node.java:137)
	at org.junit.platform.engine.support.hierarchical.NodeTestTask.lambda$executeRecursively$9(NodeTestTask.java:139)
	at org.junit.platform.engine.support.hierarchical.ThrowableCollector.execute(ThrowableCollector.java:73)
	at org.junit.platform.engine.support.hierarchical.NodeTestTask.executeRecursively(NodeTestTask.java:138)
	at org.junit.platform.engine.support.hierarchical.NodeTestTask.execute(NodeTestTask.java:95)
	at java.base/java.util.ArrayList.forEach(ArrayList.java:1596)
	at org.junit.platform.engine.support.hierarchical.SameThreadHierarchicalTestExecutorService.invokeAll(SameThreadHierarchicalTestExecutorService.java:41)
	at org.junit.platform.engine.support.hierarchical.NodeTestTask.lambda$executeRecursively$6(NodeTestTask.java:155)
	at org.junit.platform.engine.support.hierarchical.ThrowableCollector.execute(ThrowableCollector.java:73)
	at org.junit.platform.engine.support.hierarchical.NodeTestTask.lambda$executeRecursively$8(NodeTestTask.java:141)
	at org.junit.platform.engine.support.hierarchical.Node.around(Node.java:137)
	at org.junit.platform.engine.support.hierarchical.NodeTestTask.lambda$executeRecursively$9(NodeTestTask.java:139)
	at org.junit.platform.engine.support.hierarchical.ThrowableCollector.execute(ThrowableCollector.java:73)
	at org.junit.platform.engine.support.hierarchical.NodeTestTask.executeRecursively(NodeTestTask.java:138)
	at org.junit.platform.engine.support.hierarchical.NodeTestTask.execute(NodeTestTask.java:95)
	at org.junit.platform.engine.support.hierarchical.SameThreadHierarchicalTestExecutorService.submit(SameThreadHierarchicalTestExecutorService.java:35)
	at org.junit.platform.engine.support.hierarchical.HierarchicalTestExecutor.execute(HierarchicalTestExecutor.java:57)
	at org.junit.platform.engine.support.hierarchical.HierarchicalTestEngine.execute(HierarchicalTestEngine.java:54)
	at org.junit.platform.launcher.core.EngineExecutionOrchestrator.execute(EngineExecutionOrchestrator.java:198)
	at org.junit.platform.launcher.core.EngineExecutionOrchestrator.execute(EngineExecutionOrchestrator.java:169)
	at org.junit.platform.launcher.core.EngineExecutionOrchestrator.execute(EngineExecutionOrchestrator.java:93)
	at org.junit.platform.launcher.core.EngineExecutionOrchestrator.lambda$execute$0(EngineExecutionOrchestrator.java:58)
	at org.junit.platform.launcher.core.EngineExecutionOrchestrator.withInterceptedStreams(EngineExecutionOrchestrator.java:141)
	at org.junit.platform.launcher.core.EngineExecutionOrchestrator.execute(EngineExecutionOrchestrator.java:57)
	at org.junit.platform.launcher.core.DefaultLauncher.execute(DefaultLauncher.java:103)
	at org.junit.platform.launcher.core.DefaultLauncher.execute(DefaultLauncher.java:85)
	at org.junit.platform.launcher.core.DelegatingLauncher.execute(DelegatingLauncher.java:47)
	at org.apache.maven.surefire.junitplatform.LazyLauncher.execute(LazyLauncher.java:56)
	at org.apache.maven.surefire.junitplatform.JUnitPlatformProvider.execute(JUnitPlatformProvider.java:184)
	at org.apache.maven.surefire.junitplatform.JUnitPlatformProvider.invokeAllTests(JUnitPlatformProvider.java:148)
	at org.apache.maven.surefire.junitplatform.JUnitPlatformProvider.invoke(JUnitPlatformProvider.java:122)
	at org.apache.maven.surefire.booter.ForkedBooter.runSuitesInProcess(ForkedBooter.java:385)
	at org.apache.maven.surefire.booter.ForkedBooter.execute(ForkedBooter.java:162)
	at org.apache.maven.surefire.booter.ForkedBooter.run(ForkedBooter.java:507)
	at org.apache.maven.surefire.booter.ForkedBooter.main(ForkedBooter.java:495)
Caused by: org.springframework.beans.factory.BeanCreationException: Error creating bean with name 'entityManagerFactory' defined in class path resource [org/springframework/boot/autoconfigure/orm/jpa/HibernateJpaConfiguration.class]: Failed to initialize dependency 'flywayInitializer' of LoadTimeWeaverAware bean 'entityManagerFactory': Error creating bean with name 'flywayInitializer' defined in class path resource [org/springframework/boot/autoconfigure/flyway/FlywayAutoConfiguration$FlywayConfiguration.class]: Unable to obtain connection from database: Communications link failure

The last packet sent successfully to the server was 0 milliseconds ago. The driver has not received any packets from the server.
--------------------------------------------------------------------------------------------------------------------------------------------------------------------------------------------------------
SQL State  : 08S01
Error Code : 0
Message    : Communications link failure

The last packet sent successfully to the server was 0 milliseconds ago. The driver has not received any packets from the server.

	at org.springframework.beans.factory.support.AbstractBeanFactory.doGetBean(AbstractBeanFactory.java:326)
	at org.springframework.beans.factory.support.AbstractBeanFactory.getBean(AbstractBeanFactory.java:205)
	at org.springframework.context.support.AbstractApplicationContext.finishBeanFactoryInitialization(AbstractApplicationContext.java:952)
	at org.springframework.context.support.AbstractApplicationContext.refresh(AbstractApplicationContext.java:624)
	at org.springframework.boot.SpringApplication.refresh(SpringApplication.java:754)
	at org.springframework.boot.SpringApplication.refreshContext(SpringApplication.java:456)
	at org.springframework.boot.SpringApplication.run(SpringApplication.java:335)
	at org.springframework.boot.test.context.SpringBootContextLoader.lambda$loadContext$3(SpringBootContextLoader.java:137)
	at org.springframework.util.function.ThrowingSupplier.get(ThrowingSupplier.java:58)
	at org.springframework.util.function.ThrowingSupplier.get(ThrowingSupplier.java:46)
	at org.springframework.boot.SpringApplication.withHook(SpringApplication.java:1463)
	at org.springframework.boot.test.context.SpringBootContextLoader$ContextLoaderHook.run(SpringBootContextLoader.java:553)
	at org.springframework.boot.test.context.SpringBootContextLoader.loadContext(SpringBootContextLoader.java:137)
	at org.springframework.boot.test.context.SpringBootContextLoader.loadContext(SpringBootContextLoader.java:108)
	at org.springframework.test.context.cache.DefaultCacheAwareContextLoaderDelegate.loadContextInternal(DefaultCacheAwareContextLoaderDelegate.java:225)
	at org.springframework.test.context.cache.DefaultCacheAwareContextLoaderDelegate.loadContext(DefaultCacheAwareContextLoaderDelegate.java:152)
	... 73 common frames omitted
Caused by: org.springframework.beans.factory.BeanCreationException: Error creating bean with name 'flywayInitializer' defined in class path resource [org/springframework/boot/autoconfigure/flyway/FlywayAutoConfiguration$FlywayConfiguration.class]: Unable to obtain connection from database: Communications link failure

The last packet sent successfully to the server was 0 milliseconds ago. The driver has not received any packets from the server.
--------------------------------------------------------------------------------------------------------------------------------------------------------------------------------------------------------
SQL State  : 08S01
Error Code : 0
Message    : Communications link failure

The last packet sent successfully to the server was 0 milliseconds ago. The driver has not received any packets from the server.

	at org.springframework.beans.factory.support.AbstractAutowireCapableBeanFactory.initializeBean(AbstractAutowireCapableBeanFactory.java:1788)
	at org.springframework.beans.factory.support.AbstractAutowireCapableBeanFactory.doCreateBean(AbstractAutowireCapableBeanFactory.java:600)
	at org.springframework.beans.factory.support.AbstractAutowireCapableBeanFactory.createBean(AbstractAutowireCapableBeanFactory.java:522)
	at org.springframework.beans.factory.support.AbstractBeanFactory.lambda$doGetBean$0(AbstractBeanFactory.java:337)
	at org.springframework.beans.factory.support.DefaultSingletonBeanRegistry.getSingleton(DefaultSingletonBeanRegistry.java:234)
	at org.springframework.beans.factory.support.AbstractBeanFactory.doGetBean(AbstractBeanFactory.java:335)
	at org.springframework.beans.factory.support.AbstractBeanFactory.getBean(AbstractBeanFactory.java:200)
	at org.springframework.beans.factory.support.AbstractBeanFactory.doGetBean(AbstractBeanFactory.java:313)
	... 88 common frames omitted
Caused by: org.flywaydb.core.internal.exception.FlywaySqlException: Unable to obtain connection from database: Communications link failure

The last packet sent successfully to the server was 0 milliseconds ago. The driver has not received any packets from the server.
--------------------------------------------------------------------------------------------------------------------------------------------------------------------------------------------------------
SQL State  : 08S01
Error Code : 0
Message    : Communications link failure

The last packet sent successfully to the server was 0 milliseconds ago. The driver has not received any packets from the server.

	at org.flywaydb.core.internal.jdbc.JdbcUtils.openConnection(JdbcUtils.java:60)
	at org.flywaydb.core.internal.jdbc.JdbcConnectionFactory.<init>(JdbcConnectionFactory.java:72)
	at org.flywaydb.core.FlywayExecutor.execute(FlywayExecutor.java:134)
	at org.flywaydb.core.Flyway.migrate(Flyway.java:147)
	at org.springframework.boot.autoconfigure.flyway.FlywayMigrationInitializer.afterPropertiesSet(FlywayMigrationInitializer.java:66)
	at org.springframework.beans.factory.support.AbstractAutowireCapableBeanFactory.invokeInitMethods(AbstractAutowireCapableBeanFactory.java:1835)
	at org.springframework.beans.factory.support.AbstractAutowireCapableBeanFactory.initializeBean(AbstractAutowireCapableBeanFactory.java:1784)
	... 95 common frames omitted
Caused by: com.mysql.cj.jdbc.exceptions.CommunicationsException: Communications link failure

The last packet sent successfully to the server was 0 milliseconds ago. The driver has not received any packets from the server.
	at com.mysql.cj.jdbc.exceptions.SQLError.createCommunicationsException(SQLError.java:174)
	at com.mysql.cj.jdbc.exceptions.SQLExceptionsMapping.translateException(SQLExceptionsMapping.java:64)
	at com.mysql.cj.jdbc.ConnectionImpl.createNewIO(ConnectionImpl.java:815)
	at com.mysql.cj.jdbc.ConnectionImpl.<init>(ConnectionImpl.java:438)
	at com.mysql.cj.jdbc.ConnectionImpl.getInstance(ConnectionImpl.java:241)
	at com.mysql.cj.jdbc.NonRegisteringDriver.connect(NonRegisteringDriver.java:189)
	at com.zaxxer.hikari.util.DriverDataSource.getConnection(DriverDataSource.java:137)
	at com.zaxxer.hikari.pool.PoolBase.newConnection(PoolBase.java:360)
	at com.zaxxer.hikari.pool.PoolBase.newPoolEntry(PoolBase.java:202)
	at com.zaxxer.hikari.pool.HikariPool.createPoolEntry(HikariPool.java:461)
	at com.zaxxer.hikari.pool.HikariPool.checkFailFast(HikariPool.java:550)
	at com.zaxxer.hikari.pool.HikariPool.<init>(HikariPool.java:98)
	at com.zaxxer.hikari.HikariDataSource.getConnection(HikariDataSource.java:111)
	at org.flywaydb.core.internal.jdbc.JdbcUtils.openConnection(JdbcUtils.java:48)
	... 101 common frames omitted
Caused by: com.mysql.cj.exceptions.CJCommunicationsException: Communications link failure

The last packet sent successfully to the server was 0 milliseconds ago. The driver has not received any packets from the server.
	at java.base/jdk.internal.reflect.DirectConstructorHandleAccessor.newInstance(DirectConstructorHandleAccessor.java:62)
	at java.base/java.lang.reflect.Constructor.newInstanceWithCaller(Constructor.java:502)
	at java.base/java.lang.reflect.Constructor.newInstance(Constructor.java:486)
	at com.mysql.cj.exceptions.ExceptionFactory.createException(ExceptionFactory.java:61)
	at com.mysql.cj.exceptions.ExceptionFactory.createException(ExceptionFactory.java:104)
	at com.mysql.cj.exceptions.ExceptionFactory.createException(ExceptionFactory.java:149)
	at com.mysql.cj.exceptions.ExceptionFactory.createCommunicationsException(ExceptionFactory.java:165)
	at com.mysql.cj.protocol.a.NativeSocketConnection.connect(NativeSocketConnection.java:88)
	at com.mysql.cj.NativeSession.connect(NativeSession.java:120)
	at com.mysql.cj.jdbc.ConnectionImpl.connectOneTryOnly(ConnectionImpl.java:935)
	at com.mysql.cj.jdbc.ConnectionImpl.createNewIO(ConnectionImpl.java:805)
	... 112 common frames omitted
Caused by: java.net.UnknownHostException: school-mysql
	at java.base/java.net.InetAddress$CachedLookup.get(InetAddress.java:988)
	at java.base/java.net.InetAddress.getAllByName0(InetAddress.java:1818)
	at java.base/java.net.InetAddress.getAllByName(InetAddress.java:1688)
	at com.mysql.cj.protocol.StandardSocketFactory.connect(StandardSocketFactory.java:130)
	at com.mysql.cj.protocol.a.NativeSocketConnection.connect(NativeSocketConnection.java:62)
	... 115 common frames omitted
2026-05-17 17:56:53,370 INFO o.h.v.i.u.Version [background-preinit] HV000001: Hibernate Validator 8.0.1.Final
2026-05-17 17:56:53,476 INFO o.s.b.l.DeferredLog [restartedMain] Devtools property defaults active! Set 'spring.devtools.add-properties' to 'false' to disable
2026-05-17 17:56:53,477 INFO o.s.b.l.DeferredLog [restartedMain] For additional web related logging consider setting the 'logging.level.web' property to 'DEBUG'
2026-05-17 17:56:54,296 INFO o.s.d.r.c.RepositoryConfigurationDelegate [restartedMain] Bootstrapping Spring Data JPA repositories in DEFAULT mode.
2026-05-17 17:56:54,387 INFO o.s.d.r.c.RepositoryConfigurationDelegate [restartedMain] Finished Spring Data repository scanning in 81 ms. Found 7 JPA repository interfaces.
2026-05-17 17:56:55,164 INFO o.s.c.c.s.GenericScope [restartedMain] BeanFactory id=46b6c3d3-560d-38fb-ad4d-14c652cfc037
2026-05-17 17:56:55,528 WARN o.s.c.s.PostProcessorRegistrationDelegate$BeanPostProcessorChecker [restartedMain] Bean 'org.springframework.cloud.client.loadbalancer.LoadBalancerAutoConfiguration$DeferringLoadBalancerInterceptorConfig' of type [org.springframework.cloud.client.loadbalancer.LoadBalancerAutoConfiguration$DeferringLoadBalancerInterceptorConfig] is not eligible for getting processed by all BeanPostProcessors (for example: not eligible for auto-proxying). The currently created BeanPostProcessor [lbRestClientPostProcessor] is declared through a non-static factory method on that class; consider declaring it as static instead.
2026-05-17 17:56:55,533 WARN o.s.c.s.PostProcessorRegistrationDelegate$BeanPostProcessorChecker [restartedMain] Bean 'deferringLoadBalancerInterceptor' of type [org.springframework.cloud.client.loadbalancer.DeferringLoadBalancerInterceptor] is not eligible for getting processed by all BeanPostProcessors (for example: not eligible for auto-proxying). Is this bean getting eagerly injected into a currently created BeanPostProcessor [lbRestClientPostProcessor]? Check the corresponding BeanPostProcessor declaration and its dependencies.
2026-05-17 17:56:55,539 WARN o.s.c.s.PostProcessorRegistrationDelegate$BeanPostProcessorChecker [restartedMain] Bean 'org.springframework.cloud.client.loadbalancer.reactive.LoadBalancerBeanPostProcessorAutoConfiguration' of type [org.springframework.cloud.client.loadbalancer.reactive.LoadBalancerBeanPostProcessorAutoConfiguration] is not eligible for getting processed by all BeanPostProcessors (for example: not eligible for auto-proxying). The currently created BeanPostProcessor [loadBalancerWebClientBuilderBeanPostProcessor] is declared through a non-static factory method on that class; consider declaring it as static instead.
2026-05-17 17:56:55,541 WARN o.s.c.s.PostProcessorRegistrationDelegate$BeanPostProcessorChecker [restartedMain] Bean 'org.springframework.cloud.client.loadbalancer.reactive.LoadBalancerBeanPostProcessorAutoConfiguration$ReactorDeferringLoadBalancerFilterConfig' of type [org.springframework.cloud.client.loadbalancer.reactive.LoadBalancerBeanPostProcessorAutoConfiguration$ReactorDeferringLoadBalancerFilterConfig] is not eligible for getting processed by all BeanPostProcessors (for example: not eligible for auto-proxying). Is this bean getting eagerly injected into a currently created BeanPostProcessor [loadBalancerWebClientBuilderBeanPostProcessor]? Check the corresponding BeanPostProcessor declaration and its dependencies.
2026-05-17 17:56:55,544 WARN o.s.c.s.PostProcessorRegistrationDelegate$BeanPostProcessorChecker [restartedMain] Bean 'reactorDeferringLoadBalancerExchangeFilterFunction' of type [org.springframework.cloud.client.loadbalancer.reactive.DeferringLoadBalancerExchangeFilterFunction] is not eligible for getting processed by all BeanPostProcessors (for example: not eligible for auto-proxying). Is this bean getting eagerly injected into a currently created BeanPostProcessor [loadBalancerWebClientBuilderBeanPostProcessor]? Check the corresponding BeanPostProcessor declaration and its dependencies.
2026-05-17 17:56:56,063 INFO o.s.b.w.e.t.TomcatWebServer [restartedMain] Tomcat initialized with port 8080 (http)
2026-05-17 17:56:56,073 INFO o.a.j.l.DirectJDKLog [restartedMain] Initializing ProtocolHandler ["http-nio-8080"]
2026-05-17 17:56:56,075 INFO o.a.j.l.DirectJDKLog [restartedMain] Starting service [Tomcat]
2026-05-17 17:56:56,076 INFO o.a.j.l.DirectJDKLog [restartedMain] Starting Servlet engine: [Apache Tomcat/10.1.24]
2026-05-17 17:56:56,139 INFO o.a.j.l.DirectJDKLog [restartedMain] Initializing Spring embedded WebApplicationContext
2026-05-17 17:56:56,140 INFO o.s.b.w.s.c.ServletWebServerApplicationContext [restartedMain] Root WebApplicationContext: initialization completed in 2662 ms
2026-05-17 17:56:56,575 INFO c.z.h.HikariDataSource [restartedMain] HikariPool-1 - Starting...
2026-05-17 17:57:00,336 INFO c.z.h.HikariDataSource [restartedMain] HikariPool-1 - Starting...
2026-05-17 17:57:01,352 INFO c.z.h.HikariDataSource [restartedMain] HikariPool-1 - Starting...
2026-05-17 17:57:02,359 WARN o.s.c.s.AbstractApplicationContext [restartedMain] Exception encountered during context initialization - cancelling refresh attempt: org.springframework.beans.factory.BeanCreationException: Error creating bean with name 'entityManagerFactory' defined in class path resource [org/springframework/boot/autoconfigure/orm/jpa/HibernateJpaConfiguration.class]: Failed to initialize dependency 'flywayInitializer' of LoadTimeWeaverAware bean 'entityManagerFactory': Error creating bean with name 'flywayInitializer' defined in class path resource [org/springframework/boot/autoconfigure/flyway/FlywayAutoConfiguration$FlywayConfiguration.class]: Unable to obtain connection from database: Communications link failure

The last packet sent successfully to the server was 0 milliseconds ago. The driver has not received any packets from the server.
--------------------------------------------------------------------------------------------------------------------------------------------------------------------------------------------------------
SQL State  : 08S01
Error Code : 0
Message    : Communications link failure

The last packet sent successfully to the server was 0 milliseconds ago. The driver has not received any packets from the server.

2026-05-17 17:57:02,365 INFO o.a.j.l.DirectJDKLog [restartedMain] Stopping service [Tomcat]
2026-05-17 17:57:02,381 INFO o.s.b.a.l.ConditionEvaluationReportLogger [restartedMain] 

Error starting ApplicationContext. To display the condition evaluation report re-run your application with 'debug' enabled.
2026-05-17 17:57:02,394 ERROR o.s.b.SpringApplication [restartedMain] Application run failed
org.springframework.beans.factory.BeanCreationException: Error creating bean with name 'entityManagerFactory' defined in class path resource [org/springframework/boot/autoconfigure/orm/jpa/HibernateJpaConfiguration.class]: Failed to initialize dependency 'flywayInitializer' of LoadTimeWeaverAware bean 'entityManagerFactory': Error creating bean with name 'flywayInitializer' defined in class path resource [org/springframework/boot/autoconfigure/flyway/FlywayAutoConfiguration$FlywayConfiguration.class]: Unable to obtain connection from database: Communications link failure

The last packet sent successfully to the server was 0 milliseconds ago. The driver has not received any packets from the server.
--------------------------------------------------------------------------------------------------------------------------------------------------------------------------------------------------------
SQL State  : 08S01
Error Code : 0
Message    : Communications link failure

The last packet sent successfully to the server was 0 milliseconds ago. The driver has not received any packets from the server.

	at org.springframework.beans.factory.support.AbstractBeanFactory.doGetBean(AbstractBeanFactory.java:326)
	at org.springframework.beans.factory.support.AbstractBeanFactory.getBean(AbstractBeanFactory.java:205)
	at org.springframework.context.support.AbstractApplicationContext.finishBeanFactoryInitialization(AbstractApplicationContext.java:952)
	at org.springframework.context.support.AbstractApplicationContext.refresh(AbstractApplicationContext.java:624)
	at org.springframework.boot.web.servlet.context.ServletWebServerApplicationContext.refresh(ServletWebServerApplicationContext.java:146)
	at org.springframework.boot.SpringApplication.refresh(SpringApplication.java:754)
	at org.springframework.boot.SpringApplication.refreshContext(SpringApplication.java:456)
	at org.springframework.boot.SpringApplication.run(SpringApplication.java:335)
	at org.springframework.boot.SpringApplication.run(SpringApplication.java:1363)
	at org.springframework.boot.SpringApplication.run(SpringApplication.java:1352)
	at com.shinepublicschool.ShinePublicSchoolWebAppApplication.main(ShinePublicSchoolWebAppApplication.java:16)
	at java.base/jdk.internal.reflect.DirectMethodHandleAccessor.invoke(DirectMethodHandleAccessor.java:103)
	at java.base/java.lang.reflect.Method.invoke(Method.java:580)
	at org.springframework.boot.devtools.restart.RestartLauncher.run(RestartLauncher.java:50)
Caused by: org.springframework.beans.factory.BeanCreationException: Error creating bean with name 'flywayInitializer' defined in class path resource [org/springframework/boot/autoconfigure/flyway/FlywayAutoConfiguration$FlywayConfiguration.class]: Unable to obtain connection from database: Communications link failure

The last packet sent successfully to the server was 0 milliseconds ago. The driver has not received any packets from the server.
--------------------------------------------------------------------------------------------------------------------------------------------------------------------------------------------------------
SQL State  : 08S01
Error Code : 0
Message    : Communications link failure

The last packet sent successfully to the server was 0 milliseconds ago. The driver has not received any packets from the server.

	at org.springframework.beans.factory.support.AbstractAutowireCapableBeanFactory.initializeBean(AbstractAutowireCapableBeanFactory.java:1788)
	at org.springframework.beans.factory.support.AbstractAutowireCapableBeanFactory.doCreateBean(AbstractAutowireCapableBeanFactory.java:600)
	at org.springframework.beans.factory.support.AbstractAutowireCapableBeanFactory.createBean(AbstractAutowireCapableBeanFactory.java:522)
	at org.springframework.beans.factory.support.AbstractBeanFactory.lambda$doGetBean$0(AbstractBeanFactory.java:337)
	at org.springframework.beans.factory.support.DefaultSingletonBeanRegistry.getSingleton(DefaultSingletonBeanRegistry.java:234)
	at org.springframework.beans.factory.support.AbstractBeanFactory.doGetBean(AbstractBeanFactory.java:335)
	at org.springframework.beans.factory.support.AbstractBeanFactory.getBean(AbstractBeanFactory.java:200)
	at org.springframework.beans.factory.support.AbstractBeanFactory.doGetBean(AbstractBeanFactory.java:313)
	... 13 common frames omitted
Caused by: org.flywaydb.core.internal.exception.FlywaySqlException: Unable to obtain connection from database: Communications link failure

The last packet sent successfully to the server was 0 milliseconds ago. The driver has not received any packets from the server.
--------------------------------------------------------------------------------------------------------------------------------------------------------------------------------------------------------
SQL State  : 08S01
Error Code : 0
Message    : Communications link failure

The last packet sent successfully to the server was 0 milliseconds ago. The driver has not received any packets from the server.

	at org.flywaydb.core.internal.jdbc.JdbcUtils.openConnection(JdbcUtils.java:60)
	at org.flywaydb.core.internal.jdbc.JdbcConnectionFactory.<init>(JdbcConnectionFactory.java:72)
	at org.flywaydb.core.FlywayExecutor.execute(FlywayExecutor.java:134)
	at org.flywaydb.core.Flyway.migrate(Flyway.java:147)
	at org.springframework.boot.autoconfigure.flyway.FlywayMigrationInitializer.afterPropertiesSet(FlywayMigrationInitializer.java:66)
	at org.springframework.beans.factory.support.AbstractAutowireCapableBeanFactory.invokeInitMethods(AbstractAutowireCapableBeanFactory.java:1835)
	at org.springframework.beans.factory.support.AbstractAutowireCapableBeanFactory.initializeBean(AbstractAutowireCapableBeanFactory.java:1784)
	... 20 common frames omitted
Caused by: com.mysql.cj.jdbc.exceptions.CommunicationsException: Communications link failure

The last packet sent successfully to the server was 0 milliseconds ago. The driver has not received any packets from the server.
	at com.mysql.cj.jdbc.exceptions.SQLError.createCommunicationsException(SQLError.java:174)
	at com.mysql.cj.jdbc.exceptions.SQLExceptionsMapping.translateException(SQLExceptionsMapping.java:64)
	at com.mysql.cj.jdbc.ConnectionImpl.createNewIO(ConnectionImpl.java:815)
	at com.mysql.cj.jdbc.ConnectionImpl.<init>(ConnectionImpl.java:438)
	at com.mysql.cj.jdbc.ConnectionImpl.getInstance(ConnectionImpl.java:241)
	at com.mysql.cj.jdbc.NonRegisteringDriver.connect(NonRegisteringDriver.java:189)
	at com.zaxxer.hikari.util.DriverDataSource.getConnection(DriverDataSource.java:137)
	at com.zaxxer.hikari.pool.PoolBase.newConnection(PoolBase.java:360)
	at com.zaxxer.hikari.pool.PoolBase.newPoolEntry(PoolBase.java:202)
	at com.zaxxer.hikari.pool.HikariPool.createPoolEntry(HikariPool.java:461)
	at com.zaxxer.hikari.pool.HikariPool.checkFailFast(HikariPool.java:550)
	at com.zaxxer.hikari.pool.HikariPool.<init>(HikariPool.java:98)
	at com.zaxxer.hikari.HikariDataSource.getConnection(HikariDataSource.java:111)
	at org.flywaydb.core.internal.jdbc.JdbcUtils.openConnection(JdbcUtils.java:48)
	... 26 common frames omitted
Caused by: com.mysql.cj.exceptions.CJCommunicationsException: Communications link failure

The last packet sent successfully to the server was 0 milliseconds ago. The driver has not received any packets from the server.
	at java.base/jdk.internal.reflect.DirectConstructorHandleAccessor.newInstance(DirectConstructorHandleAccessor.java:62)
	at java.base/java.lang.reflect.Constructor.newInstanceWithCaller(Constructor.java:502)
	at java.base/java.lang.reflect.Constructor.newInstance(Constructor.java:486)
	at com.mysql.cj.exceptions.ExceptionFactory.createException(ExceptionFactory.java:61)
	at com.mysql.cj.exceptions.ExceptionFactory.createException(ExceptionFactory.java:104)
	at com.mysql.cj.exceptions.ExceptionFactory.createException(ExceptionFactory.java:149)
	at com.mysql.cj.exceptions.ExceptionFactory.createCommunicationsException(ExceptionFactory.java:165)
	at com.mysql.cj.protocol.a.NativeSocketConnection.connect(NativeSocketConnection.java:88)
	at com.mysql.cj.NativeSession.connect(NativeSession.java:120)
	at com.mysql.cj.jdbc.ConnectionImpl.connectOneTryOnly(ConnectionImpl.java:935)
	at com.mysql.cj.jdbc.ConnectionImpl.createNewIO(ConnectionImpl.java:805)
	... 37 common frames omitted
Caused by: java.net.UnknownHostException: school-mysql
	at java.base/java.net.InetAddress$CachedLookup.get(InetAddress.java:988)
	at java.base/java.net.InetAddress.getAllByName0(InetAddress.java:1818)
	at java.base/java.net.InetAddress.getAllByName(InetAddress.java:1688)
	at com.mysql.cj.protocol.StandardSocketFactory.connect(StandardSocketFactory.java:130)
	at com.mysql.cj.protocol.a.NativeSocketConnection.connect(NativeSocketConnection.java:62)
	... 40 common frames omitted
2026-05-17 17:58:44,729 INFO o.s.t.c.s.AnnotationConfigContextLoaderUtils [main] Could not detect default configuration classes for test class [com.shinepublicschool.ShinePublicSchoolWebAppApplicationTests]: ShinePublicSchoolWebAppApplicationTests does not declare any static, non-private, non-final, nested classes annotated with @Configuration.
2026-05-17 17:58:44,857 INFO o.s.b.t.c.SpringBootTestContextBootstrapper [main] Found @SpringBootConfiguration com.shinepublicschool.ShinePublicSchoolWebAppApplication for test class com.shinepublicschool.ShinePublicSchoolWebAppApplicationTests
2026-05-17 17:58:44,974 INFO o.s.b.d.r.RestartApplicationListener [main] Restart disabled due to context in which it is running
2026-05-17 17:58:45,163 INFO o.h.v.i.u.Version [background-preinit] HV000001: Hibernate Validator 8.0.1.Final
2026-05-17 17:58:45,948 INFO o.s.d.r.c.RepositoryConfigurationDelegate [main] Bootstrapping Spring Data JPA repositories in DEFAULT mode.
2026-05-17 17:58:46,055 INFO o.s.d.r.c.RepositoryConfigurationDelegate [main] Finished Spring Data repository scanning in 100 ms. Found 7 JPA repository interfaces.
2026-05-17 17:58:46,760 INFO o.s.c.c.s.GenericScope [main] BeanFactory id=e4d78bc9-f1d7-37bb-aa72-a78d30131486
2026-05-17 17:58:47,154 WARN o.s.c.s.PostProcessorRegistrationDelegate$BeanPostProcessorChecker [main] Bean 'org.springframework.cloud.client.loadbalancer.LoadBalancerAutoConfiguration$DeferringLoadBalancerInterceptorConfig' of type [org.springframework.cloud.client.loadbalancer.LoadBalancerAutoConfiguration$DeferringLoadBalancerInterceptorConfig] is not eligible for getting processed by all BeanPostProcessors (for example: not eligible for auto-proxying). The currently created BeanPostProcessor [lbRestClientPostProcessor] is declared through a non-static factory method on that class; consider declaring it as static instead.
2026-05-17 17:58:47,157 WARN o.s.c.s.PostProcessorRegistrationDelegate$BeanPostProcessorChecker [main] Bean 'deferringLoadBalancerInterceptor' of type [org.springframework.cloud.client.loadbalancer.DeferringLoadBalancerInterceptor] is not eligible for getting processed by all BeanPostProcessors (for example: not eligible for auto-proxying). Is this bean getting eagerly injected into a currently created BeanPostProcessor [lbRestClientPostProcessor]? Check the corresponding BeanPostProcessor declaration and its dependencies.
2026-05-17 17:58:47,163 WARN o.s.c.s.PostProcessorRegistrationDelegate$BeanPostProcessorChecker [main] Bean 'org.springframework.cloud.client.loadbalancer.reactive.LoadBalancerBeanPostProcessorAutoConfiguration' of type [org.springframework.cloud.client.loadbalancer.reactive.LoadBalancerBeanPostProcessorAutoConfiguration] is not eligible for getting processed by all BeanPostProcessors (for example: not eligible for auto-proxying). The currently created BeanPostProcessor [loadBalancerWebClientBuilderBeanPostProcessor] is declared through a non-static factory method on that class; consider declaring it as static instead.
2026-05-17 17:58:47,166 WARN o.s.c.s.PostProcessorRegistrationDelegate$BeanPostProcessorChecker [main] Bean 'org.springframework.cloud.client.loadbalancer.reactive.LoadBalancerBeanPostProcessorAutoConfiguration$ReactorDeferringLoadBalancerFilterConfig' of type [org.springframework.cloud.client.loadbalancer.reactive.LoadBalancerBeanPostProcessorAutoConfiguration$ReactorDeferringLoadBalancerFilterConfig] is not eligible for getting processed by all BeanPostProcessors (for example: not eligible for auto-proxying). Is this bean getting eagerly injected into a currently created BeanPostProcessor [loadBalancerWebClientBuilderBeanPostProcessor]? Check the corresponding BeanPostProcessor declaration and its dependencies.
2026-05-17 17:58:47,170 WARN o.s.c.s.PostProcessorRegistrationDelegate$BeanPostProcessorChecker [main] Bean 'reactorDeferringLoadBalancerExchangeFilterFunction' of type [org.springframework.cloud.client.loadbalancer.reactive.DeferringLoadBalancerExchangeFilterFunction] is not eligible for getting processed by all BeanPostProcessors (for example: not eligible for auto-proxying). Is this bean getting eagerly injected into a currently created BeanPostProcessor [loadBalancerWebClientBuilderBeanPostProcessor]? Check the corresponding BeanPostProcessor declaration and its dependencies.
2026-05-17 17:58:47,471 INFO c.z.h.HikariDataSource [main] HikariPool-1 - Starting...
2026-05-17 17:58:51,266 INFO c.z.h.HikariDataSource [main] HikariPool-1 - Starting...
2026-05-17 17:58:52,280 INFO c.z.h.HikariDataSource [main] HikariPool-1 - Starting...
2026-05-17 17:58:53,296 WARN o.s.c.s.AbstractApplicationContext [main] Exception encountered during context initialization - cancelling refresh attempt: org.springframework.beans.factory.BeanCreationException: Error creating bean with name 'entityManagerFactory' defined in class path resource [org/springframework/boot/autoconfigure/orm/jpa/HibernateJpaConfiguration.class]: Failed to initialize dependency 'flywayInitializer' of LoadTimeWeaverAware bean 'entityManagerFactory': Error creating bean with name 'flywayInitializer' defined in class path resource [org/springframework/boot/autoconfigure/flyway/FlywayAutoConfiguration$FlywayConfiguration.class]: Unable to obtain connection from database: Communications link failure

The last packet sent successfully to the server was 0 milliseconds ago. The driver has not received any packets from the server.
--------------------------------------------------------------------------------------------------------------------------------------------------------------------------------------------------------
SQL State  : 08S01
Error Code : 0
Message    : Communications link failure

The last packet sent successfully to the server was 0 milliseconds ago. The driver has not received any packets from the server.

2026-05-17 17:58:53,306 INFO o.s.b.a.l.ConditionEvaluationReportLogger [main] 

Error starting ApplicationContext. To display the condition evaluation report re-run your application with 'debug' enabled.
2026-05-17 17:58:53,320 ERROR o.s.b.SpringApplication [main] Application run failed
org.springframework.beans.factory.BeanCreationException: Error creating bean with name 'entityManagerFactory' defined in class path resource [org/springframework/boot/autoconfigure/orm/jpa/HibernateJpaConfiguration.class]: Failed to initialize dependency 'flywayInitializer' of LoadTimeWeaverAware bean 'entityManagerFactory': Error creating bean with name 'flywayInitializer' defined in class path resource [org/springframework/boot/autoconfigure/flyway/FlywayAutoConfiguration$FlywayConfiguration.class]: Unable to obtain connection from database: Communications link failure

The last packet sent successfully to the server was 0 milliseconds ago. The driver has not received any packets from the server.
--------------------------------------------------------------------------------------------------------------------------------------------------------------------------------------------------------
SQL State  : 08S01
Error Code : 0
Message    : Communications link failure

The last packet sent successfully to the server was 0 milliseconds ago. The driver has not received any packets from the server.

	at org.springframework.beans.factory.support.AbstractBeanFactory.doGetBean(AbstractBeanFactory.java:326)
	at org.springframework.beans.factory.support.AbstractBeanFactory.getBean(AbstractBeanFactory.java:205)
	at org.springframework.context.support.AbstractApplicationContext.finishBeanFactoryInitialization(AbstractApplicationContext.java:952)
	at org.springframework.context.support.AbstractApplicationContext.refresh(AbstractApplicationContext.java:624)
	at org.springframework.boot.SpringApplication.refresh(SpringApplication.java:754)
	at org.springframework.boot.SpringApplication.refreshContext(SpringApplication.java:456)
	at org.springframework.boot.SpringApplication.run(SpringApplication.java:335)
	at org.springframework.boot.test.context.SpringBootContextLoader.lambda$loadContext$3(SpringBootContextLoader.java:137)
	at org.springframework.util.function.ThrowingSupplier.get(ThrowingSupplier.java:58)
	at org.springframework.util.function.ThrowingSupplier.get(ThrowingSupplier.java:46)
	at org.springframework.boot.SpringApplication.withHook(SpringApplication.java:1463)
	at org.springframework.boot.test.context.SpringBootContextLoader$ContextLoaderHook.run(SpringBootContextLoader.java:553)
	at org.springframework.boot.test.context.SpringBootContextLoader.loadContext(SpringBootContextLoader.java:137)
	at org.springframework.boot.test.context.SpringBootContextLoader.loadContext(SpringBootContextLoader.java:108)
	at org.springframework.test.context.cache.DefaultCacheAwareContextLoaderDelegate.loadContextInternal(DefaultCacheAwareContextLoaderDelegate.java:225)
	at org.springframework.test.context.cache.DefaultCacheAwareContextLoaderDelegate.loadContext(DefaultCacheAwareContextLoaderDelegate.java:152)
	at org.springframework.test.context.support.DefaultTestContext.getApplicationContext(DefaultTestContext.java:130)
	at org.springframework.test.context.web.ServletTestExecutionListener.setUpRequestContextIfNecessary(ServletTestExecutionListener.java:191)
	at org.springframework.test.context.web.ServletTestExecutionListener.prepareTestInstance(ServletTestExecutionListener.java:130)
	at org.springframework.test.context.TestContextManager.prepareTestInstance(TestContextManager.java:260)
	at org.springframework.test.context.junit.jupiter.SpringExtension.postProcessTestInstance(SpringExtension.java:163)
	at org.junit.jupiter.engine.descriptor.ClassBasedTestDescriptor.lambda$invokeTestInstancePostProcessors$10(ClassBasedTestDescriptor.java:378)
	at org.junit.jupiter.engine.descriptor.ClassBasedTestDescriptor.executeAndMaskThrowable(ClassBasedTestDescriptor.java:383)
	at org.junit.jupiter.engine.descriptor.ClassBasedTestDescriptor.lambda$invokeTestInstancePostProcessors$11(ClassBasedTestDescriptor.java:378)
	at java.base/java.util.stream.ReferencePipeline$3$1.accept(ReferencePipeline.java:197)
	at java.base/java.util.stream.ReferencePipeline$2$1.accept(ReferencePipeline.java:179)
	at java.base/java.util.ArrayList$ArrayListSpliterator.forEachRemaining(ArrayList.java:1708)
	at java.base/java.util.stream.AbstractPipeline.copyInto(AbstractPipeline.java:509)
	at java.base/java.util.stream.AbstractPipeline.wrapAndCopyInto(AbstractPipeline.java:499)
	at java.base/java.util.stream.StreamSpliterators$WrappingSpliterator.forEachRemaining(StreamSpliterators.java:310)
	at java.base/java.util.stream.Streams$ConcatSpliterator.forEachRemaining(Streams.java:735)
	at java.base/java.util.stream.Streams$ConcatSpliterator.forEachRemaining(Streams.java:734)
	at java.base/java.util.stream.ReferencePipeline$Head.forEach(ReferencePipeline.java:762)
	at org.junit.jupiter.engine.descriptor.ClassBasedTestDescriptor.invokeTestInstancePostProcessors(ClassBasedTestDescriptor.java:377)
	at org.junit.jupiter.engine.descriptor.ClassBasedTestDescriptor.lambda$instantiateAndPostProcessTestInstance$6(ClassBasedTestDescriptor.java:290)
	at org.junit.platform.engine.support.hierarchical.ThrowableCollector.execute(ThrowableCollector.java:73)
	at org.junit.jupiter.engine.descriptor.ClassBasedTestDescriptor.instantiateAndPostProcessTestInstance(ClassBasedTestDescriptor.java:289)
	at org.junit.jupiter.engine.descriptor.ClassBasedTestDescriptor.lambda$testInstancesProvider$4(ClassBasedTestDescriptor.java:279)
	at java.base/java.util.Optional.orElseGet(Optional.java:364)
	at org.junit.jupiter.engine.descriptor.ClassBasedTestDescriptor.lambda$testInstancesProvider$5(ClassBasedTestDescriptor.java:278)
	at org.junit.jupiter.engine.execution.TestInstancesProvider.getTestInstances(TestInstancesProvider.java:31)
	at org.junit.jupiter.engine.descriptor.TestMethodTestDescriptor.lambda$prepare$0(TestMethodTestDescriptor.java:106)
	at org.junit.platform.engine.support.hierarchical.ThrowableCollector.execute(ThrowableCollector.java:73)
	at org.junit.jupiter.engine.descriptor.TestMethodTestDescriptor.prepare(TestMethodTestDescriptor.java:105)
	at org.junit.jupiter.engine.descriptor.TestMethodTestDescriptor.prepare(TestMethodTestDescriptor.java:69)
	at org.junit.platform.engine.support.hierarchical.NodeTestTask.lambda$prepare$2(NodeTestTask.java:123)
	at org.junit.platform.engine.support.hierarchical.ThrowableCollector.execute(ThrowableCollector.java:73)
	at org.junit.platform.engine.support.hierarchical.NodeTestTask.prepare(NodeTestTask.java:123)
	at org.junit.platform.engine.support.hierarchical.NodeTestTask.execute(NodeTestTask.java:90)
	at java.base/java.util.ArrayList.forEach(ArrayList.java:1596)
	at org.junit.platform.engine.support.hierarchical.SameThreadHierarchicalTestExecutorService.invokeAll(SameThreadHierarchicalTestExecutorService.java:41)
	at org.junit.platform.engine.support.hierarchical.NodeTestTask.lambda$executeRecursively$6(NodeTestTask.java:155)
	at org.junit.platform.engine.support.hierarchical.ThrowableCollector.execute(ThrowableCollector.java:73)
	at org.junit.platform.engine.support.hierarchical.NodeTestTask.lambda$executeRecursively$8(NodeTestTask.java:141)
	at org.junit.platform.engine.support.hierarchical.Node.around(Node.java:137)
	at org.junit.platform.engine.support.hierarchical.NodeTestTask.lambda$executeRecursively$9(NodeTestTask.java:139)
	at org.junit.platform.engine.support.hierarchical.ThrowableCollector.execute(ThrowableCollector.java:73)
	at org.junit.platform.engine.support.hierarchical.NodeTestTask.executeRecursively(NodeTestTask.java:138)
	at org.junit.platform.engine.support.hierarchical.NodeTestTask.execute(NodeTestTask.java:95)
	at java.base/java.util.ArrayList.forEach(ArrayList.java:1596)
	at org.junit.platform.engine.support.hierarchical.SameThreadHierarchicalTestExecutorService.invokeAll(SameThreadHierarchicalTestExecutorService.java:41)
	at org.junit.platform.engine.support.hierarchical.NodeTestTask.lambda$executeRecursively$6(NodeTestTask.java:155)
	at org.junit.platform.engine.support.hierarchical.ThrowableCollector.execute(ThrowableCollector.java:73)
	at org.junit.platform.engine.support.hierarchical.NodeTestTask.lambda$executeRecursively$8(NodeTestTask.java:141)
	at org.junit.platform.engine.support.hierarchical.Node.around(Node.java:137)
	at org.junit.platform.engine.support.hierarchical.NodeTestTask.lambda$executeRecursively$9(NodeTestTask.java:139)
	at org.junit.platform.engine.support.hierarchical.ThrowableCollector.execute(ThrowableCollector.java:73)
	at org.junit.platform.engine.support.hierarchical.NodeTestTask.executeRecursively(NodeTestTask.java:138)
	at org.junit.platform.engine.support.hierarchical.NodeTestTask.execute(NodeTestTask.java:95)
	at org.junit.platform.engine.support.hierarchical.SameThreadHierarchicalTestExecutorService.submit(SameThreadHierarchicalTestExecutorService.java:35)
	at org.junit.platform.engine.support.hierarchical.HierarchicalTestExecutor.execute(HierarchicalTestExecutor.java:57)
	at org.junit.platform.engine.support.hierarchical.HierarchicalTestEngine.execute(HierarchicalTestEngine.java:54)
	at org.junit.platform.launcher.core.EngineExecutionOrchestrator.execute(EngineExecutionOrchestrator.java:198)
	at org.junit.platform.launcher.core.EngineExecutionOrchestrator.execute(EngineExecutionOrchestrator.java:169)
	at org.junit.platform.launcher.core.EngineExecutionOrchestrator.execute(EngineExecutionOrchestrator.java:93)
	at org.junit.platform.launcher.core.EngineExecutionOrchestrator.lambda$execute$0(EngineExecutionOrchestrator.java:58)
	at org.junit.platform.launcher.core.EngineExecutionOrchestrator.withInterceptedStreams(EngineExecutionOrchestrator.java:141)
	at org.junit.platform.launcher.core.EngineExecutionOrchestrator.execute(EngineExecutionOrchestrator.java:57)
	at org.junit.platform.launcher.core.DefaultLauncher.execute(DefaultLauncher.java:103)
	at org.junit.platform.launcher.core.DefaultLauncher.execute(DefaultLauncher.java:85)
	at org.junit.platform.launcher.core.DelegatingLauncher.execute(DelegatingLauncher.java:47)
	at org.apache.maven.surefire.junitplatform.LazyLauncher.execute(LazyLauncher.java:56)
	at org.apache.maven.surefire.junitplatform.JUnitPlatformProvider.execute(JUnitPlatformProvider.java:184)
	at org.apache.maven.surefire.junitplatform.JUnitPlatformProvider.invokeAllTests(JUnitPlatformProvider.java:148)
	at org.apache.maven.surefire.junitplatform.JUnitPlatformProvider.invoke(JUnitPlatformProvider.java:122)
	at org.apache.maven.surefire.booter.ForkedBooter.runSuitesInProcess(ForkedBooter.java:385)
	at org.apache.maven.surefire.booter.ForkedBooter.execute(ForkedBooter.java:162)
	at org.apache.maven.surefire.booter.ForkedBooter.run(ForkedBooter.java:507)
	at org.apache.maven.surefire.booter.ForkedBooter.main(ForkedBooter.java:495)
Caused by: org.springframework.beans.factory.BeanCreationException: Error creating bean with name 'flywayInitializer' defined in class path resource [org/springframework/boot/autoconfigure/flyway/FlywayAutoConfiguration$FlywayConfiguration.class]: Unable to obtain connection from database: Communications link failure

The last packet sent successfully to the server was 0 milliseconds ago. The driver has not received any packets from the server.
--------------------------------------------------------------------------------------------------------------------------------------------------------------------------------------------------------
SQL State  : 08S01
Error Code : 0
Message    : Communications link failure

The last packet sent successfully to the server was 0 milliseconds ago. The driver has not received any packets from the server.

	at org.springframework.beans.factory.support.AbstractAutowireCapableBeanFactory.initializeBean(AbstractAutowireCapableBeanFactory.java:1788)
	at org.springframework.beans.factory.support.AbstractAutowireCapableBeanFactory.doCreateBean(AbstractAutowireCapableBeanFactory.java:600)
	at org.springframework.beans.factory.support.AbstractAutowireCapableBeanFactory.createBean(AbstractAutowireCapableBeanFactory.java:522)
	at org.springframework.beans.factory.support.AbstractBeanFactory.lambda$doGetBean$0(AbstractBeanFactory.java:337)
	at org.springframework.beans.factory.support.DefaultSingletonBeanRegistry.getSingleton(DefaultSingletonBeanRegistry.java:234)
	at org.springframework.beans.factory.support.AbstractBeanFactory.doGetBean(AbstractBeanFactory.java:335)
	at org.springframework.beans.factory.support.AbstractBeanFactory.getBean(AbstractBeanFactory.java:200)
	at org.springframework.beans.factory.support.AbstractBeanFactory.doGetBean(AbstractBeanFactory.java:313)
	... 88 common frames omitted
Caused by: org.flywaydb.core.internal.exception.FlywaySqlException: Unable to obtain connection from database: Communications link failure

The last packet sent successfully to the server was 0 milliseconds ago. The driver has not received any packets from the server.
--------------------------------------------------------------------------------------------------------------------------------------------------------------------------------------------------------
SQL State  : 08S01
Error Code : 0
Message    : Communications link failure

The last packet sent successfully to the server was 0 milliseconds ago. The driver has not received any packets from the server.

	at org.flywaydb.core.internal.jdbc.JdbcUtils.openConnection(JdbcUtils.java:60)
	at org.flywaydb.core.internal.jdbc.JdbcConnectionFactory.<init>(JdbcConnectionFactory.java:72)
	at org.flywaydb.core.FlywayExecutor.execute(FlywayExecutor.java:134)
	at org.flywaydb.core.Flyway.migrate(Flyway.java:147)
	at org.springframework.boot.autoconfigure.flyway.FlywayMigrationInitializer.afterPropertiesSet(FlywayMigrationInitializer.java:66)
	at org.springframework.beans.factory.support.AbstractAutowireCapableBeanFactory.invokeInitMethods(AbstractAutowireCapableBeanFactory.java:1835)
	at org.springframework.beans.factory.support.AbstractAutowireCapableBeanFactory.initializeBean(AbstractAutowireCapableBeanFactory.java:1784)
	... 95 common frames omitted
Caused by: com.mysql.cj.jdbc.exceptions.CommunicationsException: Communications link failure

The last packet sent successfully to the server was 0 milliseconds ago. The driver has not received any packets from the server.
	at com.mysql.cj.jdbc.exceptions.SQLError.createCommunicationsException(SQLError.java:174)
	at com.mysql.cj.jdbc.exceptions.SQLExceptionsMapping.translateException(SQLExceptionsMapping.java:64)
	at com.mysql.cj.jdbc.ConnectionImpl.createNewIO(ConnectionImpl.java:815)
	at com.mysql.cj.jdbc.ConnectionImpl.<init>(ConnectionImpl.java:438)
	at com.mysql.cj.jdbc.ConnectionImpl.getInstance(ConnectionImpl.java:241)
	at com.mysql.cj.jdbc.NonRegisteringDriver.connect(NonRegisteringDriver.java:189)
	at com.zaxxer.hikari.util.DriverDataSource.getConnection(DriverDataSource.java:137)
	at com.zaxxer.hikari.pool.PoolBase.newConnection(PoolBase.java:360)
	at com.zaxxer.hikari.pool.PoolBase.newPoolEntry(PoolBase.java:202)
	at com.zaxxer.hikari.pool.HikariPool.createPoolEntry(HikariPool.java:461)
	at com.zaxxer.hikari.pool.HikariPool.checkFailFast(HikariPool.java:550)
	at com.zaxxer.hikari.pool.HikariPool.<init>(HikariPool.java:98)
	at com.zaxxer.hikari.HikariDataSource.getConnection(HikariDataSource.java:111)
	at org.flywaydb.core.internal.jdbc.JdbcUtils.openConnection(JdbcUtils.java:48)
	... 101 common frames omitted
Caused by: com.mysql.cj.exceptions.CJCommunicationsException: Communications link failure

The last packet sent successfully to the server was 0 milliseconds ago. The driver has not received any packets from the server.
	at java.base/jdk.internal.reflect.DirectConstructorHandleAccessor.newInstance(DirectConstructorHandleAccessor.java:62)
	at java.base/java.lang.reflect.Constructor.newInstanceWithCaller(Constructor.java:502)
	at java.base/java.lang.reflect.Constructor.newInstance(Constructor.java:486)
	at com.mysql.cj.exceptions.ExceptionFactory.createException(ExceptionFactory.java:61)
	at com.mysql.cj.exceptions.ExceptionFactory.createException(ExceptionFactory.java:104)
	at com.mysql.cj.exceptions.ExceptionFactory.createException(ExceptionFactory.java:149)
	at com.mysql.cj.exceptions.ExceptionFactory.createCommunicationsException(ExceptionFactory.java:165)
	at com.mysql.cj.protocol.a.NativeSocketConnection.connect(NativeSocketConnection.java:88)
	at com.mysql.cj.NativeSession.connect(NativeSession.java:120)
	at com.mysql.cj.jdbc.ConnectionImpl.connectOneTryOnly(ConnectionImpl.java:935)
	at com.mysql.cj.jdbc.ConnectionImpl.createNewIO(ConnectionImpl.java:805)
	... 112 common frames omitted
Caused by: java.net.UnknownHostException: school-mysql
	at java.base/java.net.InetAddress$CachedLookup.get(InetAddress.java:988)
	at java.base/java.net.InetAddress.getAllByName0(InetAddress.java:1818)
	at java.base/java.net.InetAddress.getAllByName(InetAddress.java:1688)
	at com.mysql.cj.protocol.StandardSocketFactory.connect(StandardSocketFactory.java:130)
	at com.mysql.cj.protocol.a.NativeSocketConnection.connect(NativeSocketConnection.java:62)
	... 115 common frames omitted
2026-05-17 17:58:53,327 WARN o.s.t.c.TestContextManager [main] Caught exception while allowing TestExecutionListener [org.springframework.test.context.web.ServletTestExecutionListener] to prepare test instance [com.shinepublicschool.ShinePublicSchoolWebAppApplicationTests@57f1a1de]
java.lang.IllegalStateException: Failed to load ApplicationContext for [WebMergedContextConfiguration@52a75c12 testClass = com.shinepublicschool.ShinePublicSchoolWebAppApplicationTests, locations = [], classes = [com.shinepublicschool.ShinePublicSchoolWebAppApplication], contextInitializerClasses = [], activeProfiles = [], propertySourceDescriptors = [], propertySourceProperties = ["org.springframework.boot.test.context.SpringBootTestContextBootstrapper=true"], contextCustomizers = [org.springframework.boot.test.context.filter.ExcludeFilterContextCustomizer@294e5088, org.springframework.boot.test.json.DuplicateJsonObjectContextCustomizerFactory$DuplicateJsonObjectContextCustomizer@31000e60, org.springframework.boot.test.mock.mockito.MockitoContextCustomizer@0, org.springframework.boot.test.web.client.TestRestTemplateContextCustomizer@64ba3208, org.springframework.boot.test.web.reactive.server.WebTestClientContextCustomizer@1d131e1b, org.springframework.boot.test.autoconfigure.actuate.observability.ObservabilityContextCustomizerFactory$DisableObservabilityContextCustomizer@1f, org.springframework.boot.test.autoconfigure.properties.PropertyMappingContextCustomizer@0, org.springframework.boot.test.autoconfigure.web.servlet.WebDriverContextCustomizer@4d722ac9, org.springframework.boot.test.context.SpringBootTestAnnotation@c557cb78], resourceBasePath = "src/main/webapp", contextLoader = org.springframework.boot.test.context.SpringBootContextLoader, parent = null]
	at org.springframework.test.context.cache.DefaultCacheAwareContextLoaderDelegate.loadContext(DefaultCacheAwareContextLoaderDelegate.java:180)
	at org.springframework.test.context.support.DefaultTestContext.getApplicationContext(DefaultTestContext.java:130)
	at org.springframework.test.context.web.ServletTestExecutionListener.setUpRequestContextIfNecessary(ServletTestExecutionListener.java:191)
	at org.springframework.test.context.web.ServletTestExecutionListener.prepareTestInstance(ServletTestExecutionListener.java:130)
	at org.springframework.test.context.TestContextManager.prepareTestInstance(TestContextManager.java:260)
	at org.springframework.test.context.junit.jupiter.SpringExtension.postProcessTestInstance(SpringExtension.java:163)
	at org.junit.jupiter.engine.descriptor.ClassBasedTestDescriptor.lambda$invokeTestInstancePostProcessors$10(ClassBasedTestDescriptor.java:378)
	at org.junit.jupiter.engine.descriptor.ClassBasedTestDescriptor.executeAndMaskThrowable(ClassBasedTestDescriptor.java:383)
	at org.junit.jupiter.engine.descriptor.ClassBasedTestDescriptor.lambda$invokeTestInstancePostProcessors$11(ClassBasedTestDescriptor.java:378)
	at java.base/java.util.stream.ReferencePipeline$3$1.accept(ReferencePipeline.java:197)
	at java.base/java.util.stream.ReferencePipeline$2$1.accept(ReferencePipeline.java:179)
	at java.base/java.util.ArrayList$ArrayListSpliterator.forEachRemaining(ArrayList.java:1708)
	at java.base/java.util.stream.AbstractPipeline.copyInto(AbstractPipeline.java:509)
	at java.base/java.util.stream.AbstractPipeline.wrapAndCopyInto(AbstractPipeline.java:499)
	at java.base/java.util.stream.StreamSpliterators$WrappingSpliterator.forEachRemaining(StreamSpliterators.java:310)
	at java.base/java.util.stream.Streams$ConcatSpliterator.forEachRemaining(Streams.java:735)
	at java.base/java.util.stream.Streams$ConcatSpliterator.forEachRemaining(Streams.java:734)
	at java.base/java.util.stream.ReferencePipeline$Head.forEach(ReferencePipeline.java:762)
	at org.junit.jupiter.engine.descriptor.ClassBasedTestDescriptor.invokeTestInstancePostProcessors(ClassBasedTestDescriptor.java:377)
	at org.junit.jupiter.engine.descriptor.ClassBasedTestDescriptor.lambda$instantiateAndPostProcessTestInstance$6(ClassBasedTestDescriptor.java:290)
	at org.junit.platform.engine.support.hierarchical.ThrowableCollector.execute(ThrowableCollector.java:73)
	at org.junit.jupiter.engine.descriptor.ClassBasedTestDescriptor.instantiateAndPostProcessTestInstance(ClassBasedTestDescriptor.java:289)
	at org.junit.jupiter.engine.descriptor.ClassBasedTestDescriptor.lambda$testInstancesProvider$4(ClassBasedTestDescriptor.java:279)
	at java.base/java.util.Optional.orElseGet(Optional.java:364)
	at org.junit.jupiter.engine.descriptor.ClassBasedTestDescriptor.lambda$testInstancesProvider$5(ClassBasedTestDescriptor.java:278)
	at org.junit.jupiter.engine.execution.TestInstancesProvider.getTestInstances(TestInstancesProvider.java:31)
	at org.junit.jupiter.engine.descriptor.TestMethodTestDescriptor.lambda$prepare$0(TestMethodTestDescriptor.java:106)
	at org.junit.platform.engine.support.hierarchical.ThrowableCollector.execute(ThrowableCollector.java:73)
	at org.junit.jupiter.engine.descriptor.TestMethodTestDescriptor.prepare(TestMethodTestDescriptor.java:105)
	at org.junit.jupiter.engine.descriptor.TestMethodTestDescriptor.prepare(TestMethodTestDescriptor.java:69)
	at org.junit.platform.engine.support.hierarchical.NodeTestTask.lambda$prepare$2(NodeTestTask.java:123)
	at org.junit.platform.engine.support.hierarchical.ThrowableCollector.execute(ThrowableCollector.java:73)
	at org.junit.platform.engine.support.hierarchical.NodeTestTask.prepare(NodeTestTask.java:123)
	at org.junit.platform.engine.support.hierarchical.NodeTestTask.execute(NodeTestTask.java:90)
	at java.base/java.util.ArrayList.forEach(ArrayList.java:1596)
	at org.junit.platform.engine.support.hierarchical.SameThreadHierarchicalTestExecutorService.invokeAll(SameThreadHierarchicalTestExecutorService.java:41)
	at org.junit.platform.engine.support.hierarchical.NodeTestTask.lambda$executeRecursively$6(NodeTestTask.java:155)
	at org.junit.platform.engine.support.hierarchical.ThrowableCollector.execute(ThrowableCollector.java:73)
	at org.junit.platform.engine.support.hierarchical.NodeTestTask.lambda$executeRecursively$8(NodeTestTask.java:141)
	at org.junit.platform.engine.support.hierarchical.Node.around(Node.java:137)
	at org.junit.platform.engine.support.hierarchical.NodeTestTask.lambda$executeRecursively$9(NodeTestTask.java:139)
	at org.junit.platform.engine.support.hierarchical.ThrowableCollector.execute(ThrowableCollector.java:73)
	at org.junit.platform.engine.support.hierarchical.NodeTestTask.executeRecursively(NodeTestTask.java:138)
	at org.junit.platform.engine.support.hierarchical.NodeTestTask.execute(NodeTestTask.java:95)
	at java.base/java.util.ArrayList.forEach(ArrayList.java:1596)
	at org.junit.platform.engine.support.hierarchical.SameThreadHierarchicalTestExecutorService.invokeAll(SameThreadHierarchicalTestExecutorService.java:41)
	at org.junit.platform.engine.support.hierarchical.NodeTestTask.lambda$executeRecursively$6(NodeTestTask.java:155)
	at org.junit.platform.engine.support.hierarchical.ThrowableCollector.execute(ThrowableCollector.java:73)
	at org.junit.platform.engine.support.hierarchical.NodeTestTask.lambda$executeRecursively$8(NodeTestTask.java:141)
	at org.junit.platform.engine.support.hierarchical.Node.around(Node.java:137)
	at org.junit.platform.engine.support.hierarchical.NodeTestTask.lambda$executeRecursively$9(NodeTestTask.java:139)
	at org.junit.platform.engine.support.hierarchical.ThrowableCollector.execute(ThrowableCollector.java:73)
	at org.junit.platform.engine.support.hierarchical.NodeTestTask.executeRecursively(NodeTestTask.java:138)
	at org.junit.platform.engine.support.hierarchical.NodeTestTask.execute(NodeTestTask.java:95)
	at org.junit.platform.engine.support.hierarchical.SameThreadHierarchicalTestExecutorService.submit(SameThreadHierarchicalTestExecutorService.java:35)
	at org.junit.platform.engine.support.hierarchical.HierarchicalTestExecutor.execute(HierarchicalTestExecutor.java:57)
	at org.junit.platform.engine.support.hierarchical.HierarchicalTestEngine.execute(HierarchicalTestEngine.java:54)
	at org.junit.platform.launcher.core.EngineExecutionOrchestrator.execute(EngineExecutionOrchestrator.java:198)
	at org.junit.platform.launcher.core.EngineExecutionOrchestrator.execute(EngineExecutionOrchestrator.java:169)
	at org.junit.platform.launcher.core.EngineExecutionOrchestrator.execute(EngineExecutionOrchestrator.java:93)
	at org.junit.platform.launcher.core.EngineExecutionOrchestrator.lambda$execute$0(EngineExecutionOrchestrator.java:58)
	at org.junit.platform.launcher.core.EngineExecutionOrchestrator.withInterceptedStreams(EngineExecutionOrchestrator.java:141)
	at org.junit.platform.launcher.core.EngineExecutionOrchestrator.execute(EngineExecutionOrchestrator.java:57)
	at org.junit.platform.launcher.core.DefaultLauncher.execute(DefaultLauncher.java:103)
	at org.junit.platform.launcher.core.DefaultLauncher.execute(DefaultLauncher.java:85)
	at org.junit.platform.launcher.core.DelegatingLauncher.execute(DelegatingLauncher.java:47)
	at org.apache.maven.surefire.junitplatform.LazyLauncher.execute(LazyLauncher.java:56)
	at org.apache.maven.surefire.junitplatform.JUnitPlatformProvider.execute(JUnitPlatformProvider.java:184)
	at org.apache.maven.surefire.junitplatform.JUnitPlatformProvider.invokeAllTests(JUnitPlatformProvider.java:148)
	at org.apache.maven.surefire.junitplatform.JUnitPlatformProvider.invoke(JUnitPlatformProvider.java:122)
	at org.apache.maven.surefire.booter.ForkedBooter.runSuitesInProcess(ForkedBooter.java:385)
	at org.apache.maven.surefire.booter.ForkedBooter.execute(ForkedBooter.java:162)
	at org.apache.maven.surefire.booter.ForkedBooter.run(ForkedBooter.java:507)
	at org.apache.maven.surefire.booter.ForkedBooter.main(ForkedBooter.java:495)
Caused by: org.springframework.beans.factory.BeanCreationException: Error creating bean with name 'entityManagerFactory' defined in class path resource [org/springframework/boot/autoconfigure/orm/jpa/HibernateJpaConfiguration.class]: Failed to initialize dependency 'flywayInitializer' of LoadTimeWeaverAware bean 'entityManagerFactory': Error creating bean with name 'flywayInitializer' defined in class path resource [org/springframework/boot/autoconfigure/flyway/FlywayAutoConfiguration$FlywayConfiguration.class]: Unable to obtain connection from database: Communications link failure

The last packet sent successfully to the server was 0 milliseconds ago. The driver has not received any packets from the server.
--------------------------------------------------------------------------------------------------------------------------------------------------------------------------------------------------------
SQL State  : 08S01
Error Code : 0
Message    : Communications link failure

The last packet sent successfully to the server was 0 milliseconds ago. The driver has not received any packets from the server.

	at org.springframework.beans.factory.support.AbstractBeanFactory.doGetBean(AbstractBeanFactory.java:326)
	at org.springframework.beans.factory.support.AbstractBeanFactory.getBean(AbstractBeanFactory.java:205)
	at org.springframework.context.support.AbstractApplicationContext.finishBeanFactoryInitialization(AbstractApplicationContext.java:952)
	at org.springframework.context.support.AbstractApplicationContext.refresh(AbstractApplicationContext.java:624)
	at org.springframework.boot.SpringApplication.refresh(SpringApplication.java:754)
	at org.springframework.boot.SpringApplication.refreshContext(SpringApplication.java:456)
	at org.springframework.boot.SpringApplication.run(SpringApplication.java:335)
	at org.springframework.boot.test.context.SpringBootContextLoader.lambda$loadContext$3(SpringBootContextLoader.java:137)
	at org.springframework.util.function.ThrowingSupplier.get(ThrowingSupplier.java:58)
	at org.springframework.util.function.ThrowingSupplier.get(ThrowingSupplier.java:46)
	at org.springframework.boot.SpringApplication.withHook(SpringApplication.java:1463)
	at org.springframework.boot.test.context.SpringBootContextLoader$ContextLoaderHook.run(SpringBootContextLoader.java:553)
	at org.springframework.boot.test.context.SpringBootContextLoader.loadContext(SpringBootContextLoader.java:137)
	at org.springframework.boot.test.context.SpringBootContextLoader.loadContext(SpringBootContextLoader.java:108)
	at org.springframework.test.context.cache.DefaultCacheAwareContextLoaderDelegate.loadContextInternal(DefaultCacheAwareContextLoaderDelegate.java:225)
	at org.springframework.test.context.cache.DefaultCacheAwareContextLoaderDelegate.loadContext(DefaultCacheAwareContextLoaderDelegate.java:152)
	... 73 common frames omitted
Caused by: org.springframework.beans.factory.BeanCreationException: Error creating bean with name 'flywayInitializer' defined in class path resource [org/springframework/boot/autoconfigure/flyway/FlywayAutoConfiguration$FlywayConfiguration.class]: Unable to obtain connection from database: Communications link failure

The last packet sent successfully to the server was 0 milliseconds ago. The driver has not received any packets from the server.
--------------------------------------------------------------------------------------------------------------------------------------------------------------------------------------------------------
SQL State  : 08S01
Error Code : 0
Message    : Communications link failure

The last packet sent successfully to the server was 0 milliseconds ago. The driver has not received any packets from the server.

	at org.springframework.beans.factory.support.AbstractAutowireCapableBeanFactory.initializeBean(AbstractAutowireCapableBeanFactory.java:1788)
	at org.springframework.beans.factory.support.AbstractAutowireCapableBeanFactory.doCreateBean(AbstractAutowireCapableBeanFactory.java:600)
	at org.springframework.beans.factory.support.AbstractAutowireCapableBeanFactory.createBean(AbstractAutowireCapableBeanFactory.java:522)
	at org.springframework.beans.factory.support.AbstractBeanFactory.lambda$doGetBean$0(AbstractBeanFactory.java:337)
	at org.springframework.beans.factory.support.DefaultSingletonBeanRegistry.getSingleton(DefaultSingletonBeanRegistry.java:234)
	at org.springframework.beans.factory.support.AbstractBeanFactory.doGetBean(AbstractBeanFactory.java:335)
	at org.springframework.beans.factory.support.AbstractBeanFactory.getBean(AbstractBeanFactory.java:200)
	at org.springframework.beans.factory.support.AbstractBeanFactory.doGetBean(AbstractBeanFactory.java:313)
	... 88 common frames omitted
Caused by: org.flywaydb.core.internal.exception.FlywaySqlException: Unable to obtain connection from database: Communications link failure

The last packet sent successfully to the server was 0 milliseconds ago. The driver has not received any packets from the server.
--------------------------------------------------------------------------------------------------------------------------------------------------------------------------------------------------------
SQL State  : 08S01
Error Code : 0
Message    : Communications link failure

The last packet sent successfully to the server was 0 milliseconds ago. The driver has not received any packets from the server.

	at org.flywaydb.core.internal.jdbc.JdbcUtils.openConnection(JdbcUtils.java:60)
	at org.flywaydb.core.internal.jdbc.JdbcConnectionFactory.<init>(JdbcConnectionFactory.java:72)
	at org.flywaydb.core.FlywayExecutor.execute(FlywayExecutor.java:134)
	at org.flywaydb.core.Flyway.migrate(Flyway.java:147)
	at org.springframework.boot.autoconfigure.flyway.FlywayMigrationInitializer.afterPropertiesSet(FlywayMigrationInitializer.java:66)
	at org.springframework.beans.factory.support.AbstractAutowireCapableBeanFactory.invokeInitMethods(AbstractAutowireCapableBeanFactory.java:1835)
	at org.springframework.beans.factory.support.AbstractAutowireCapableBeanFactory.initializeBean(AbstractAutowireCapableBeanFactory.java:1784)
	... 95 common frames omitted
Caused by: com.mysql.cj.jdbc.exceptions.CommunicationsException: Communications link failure

The last packet sent successfully to the server was 0 milliseconds ago. The driver has not received any packets from the server.
	at com.mysql.cj.jdbc.exceptions.SQLError.createCommunicationsException(SQLError.java:174)
	at com.mysql.cj.jdbc.exceptions.SQLExceptionsMapping.translateException(SQLExceptionsMapping.java:64)
	at com.mysql.cj.jdbc.ConnectionImpl.createNewIO(ConnectionImpl.java:815)
	at com.mysql.cj.jdbc.ConnectionImpl.<init>(ConnectionImpl.java:438)
	at com.mysql.cj.jdbc.ConnectionImpl.getInstance(ConnectionImpl.java:241)
	at com.mysql.cj.jdbc.NonRegisteringDriver.connect(NonRegisteringDriver.java:189)
	at com.zaxxer.hikari.util.DriverDataSource.getConnection(DriverDataSource.java:137)
	at com.zaxxer.hikari.pool.PoolBase.newConnection(PoolBase.java:360)
	at com.zaxxer.hikari.pool.PoolBase.newPoolEntry(PoolBase.java:202)
	at com.zaxxer.hikari.pool.HikariPool.createPoolEntry(HikariPool.java:461)
	at com.zaxxer.hikari.pool.HikariPool.checkFailFast(HikariPool.java:550)
	at com.zaxxer.hikari.pool.HikariPool.<init>(HikariPool.java:98)
	at com.zaxxer.hikari.HikariDataSource.getConnection(HikariDataSource.java:111)
	at org.flywaydb.core.internal.jdbc.JdbcUtils.openConnection(JdbcUtils.java:48)
	... 101 common frames omitted
Caused by: com.mysql.cj.exceptions.CJCommunicationsException: Communications link failure

The last packet sent successfully to the server was 0 milliseconds ago. The driver has not received any packets from the server.
	at java.base/jdk.internal.reflect.DirectConstructorHandleAccessor.newInstance(DirectConstructorHandleAccessor.java:62)
	at java.base/java.lang.reflect.Constructor.newInstanceWithCaller(Constructor.java:502)
	at java.base/java.lang.reflect.Constructor.newInstance(Constructor.java:486)
	at com.mysql.cj.exceptions.ExceptionFactory.createException(ExceptionFactory.java:61)
	at com.mysql.cj.exceptions.ExceptionFactory.createException(ExceptionFactory.java:104)
	at com.mysql.cj.exceptions.ExceptionFactory.createException(ExceptionFactory.java:149)
	at com.mysql.cj.exceptions.ExceptionFactory.createCommunicationsException(ExceptionFactory.java:165)
	at com.mysql.cj.protocol.a.NativeSocketConnection.connect(NativeSocketConnection.java:88)
	at com.mysql.cj.NativeSession.connect(NativeSession.java:120)
	at com.mysql.cj.jdbc.ConnectionImpl.connectOneTryOnly(ConnectionImpl.java:935)
	at com.mysql.cj.jdbc.ConnectionImpl.createNewIO(ConnectionImpl.java:805)
	... 112 common frames omitted
Caused by: java.net.UnknownHostException: school-mysql
	at java.base/java.net.InetAddress$CachedLookup.get(InetAddress.java:988)
	at java.base/java.net.InetAddress.getAllByName0(InetAddress.java:1818)
	at java.base/java.net.InetAddress.getAllByName(InetAddress.java:1688)
	at com.mysql.cj.protocol.StandardSocketFactory.connect(StandardSocketFactory.java:130)
	at com.mysql.cj.protocol.a.NativeSocketConnection.connect(NativeSocketConnection.java:62)
	... 115 common frames omitted
2026-05-17 18:04:20,911 INFO o.h.v.i.u.Version [background-preinit] HV000001: Hibernate Validator 8.0.1.Final
2026-05-17 18:04:21,027 INFO o.s.b.l.DeferredLog [restartedMain] Devtools property defaults active! Set 'spring.devtools.add-properties' to 'false' to disable
2026-05-17 18:04:21,028 INFO o.s.b.l.DeferredLog [restartedMain] For additional web related logging consider setting the 'logging.level.web' property to 'DEBUG'
2026-05-17 18:04:21,798 INFO o.s.d.r.c.RepositoryConfigurationDelegate [restartedMain] Bootstrapping Spring Data JPA repositories in DEFAULT mode.
2026-05-17 18:04:21,882 INFO o.s.d.r.c.RepositoryConfigurationDelegate [restartedMain] Finished Spring Data repository scanning in 78 ms. Found 7 JPA repository interfaces.
2026-05-17 18:04:22,603 INFO o.s.c.c.s.GenericScope [restartedMain] BeanFactory id=46b6c3d3-560d-38fb-ad4d-14c652cfc037
2026-05-17 18:04:23,063 WARN o.s.c.s.PostProcessorRegistrationDelegate$BeanPostProcessorChecker [restartedMain] Bean 'org.springframework.cloud.client.loadbalancer.LoadBalancerAutoConfiguration$DeferringLoadBalancerInterceptorConfig' of type [org.springframework.cloud.client.loadbalancer.LoadBalancerAutoConfiguration$DeferringLoadBalancerInterceptorConfig] is not eligible for getting processed by all BeanPostProcessors (for example: not eligible for auto-proxying). The currently created BeanPostProcessor [lbRestClientPostProcessor] is declared through a non-static factory method on that class; consider declaring it as static instead.
2026-05-17 18:04:23,067 WARN o.s.c.s.PostProcessorRegistrationDelegate$BeanPostProcessorChecker [restartedMain] Bean 'deferringLoadBalancerInterceptor' of type [org.springframework.cloud.client.loadbalancer.DeferringLoadBalancerInterceptor] is not eligible for getting processed by all BeanPostProcessors (for example: not eligible for auto-proxying). Is this bean getting eagerly injected into a currently created BeanPostProcessor [lbRestClientPostProcessor]? Check the corresponding BeanPostProcessor declaration and its dependencies.
2026-05-17 18:04:23,073 WARN o.s.c.s.PostProcessorRegistrationDelegate$BeanPostProcessorChecker [restartedMain] Bean 'org.springframework.cloud.client.loadbalancer.reactive.LoadBalancerBeanPostProcessorAutoConfiguration' of type [org.springframework.cloud.client.loadbalancer.reactive.LoadBalancerBeanPostProcessorAutoConfiguration] is not eligible for getting processed by all BeanPostProcessors (for example: not eligible for auto-proxying). The currently created BeanPostProcessor [loadBalancerWebClientBuilderBeanPostProcessor] is declared through a non-static factory method on that class; consider declaring it as static instead.
2026-05-17 18:04:23,076 WARN o.s.c.s.PostProcessorRegistrationDelegate$BeanPostProcessorChecker [restartedMain] Bean 'org.springframework.cloud.client.loadbalancer.reactive.LoadBalancerBeanPostProcessorAutoConfiguration$ReactorDeferringLoadBalancerFilterConfig' of type [org.springframework.cloud.client.loadbalancer.reactive.LoadBalancerBeanPostProcessorAutoConfiguration$ReactorDeferringLoadBalancerFilterConfig] is not eligible for getting processed by all BeanPostProcessors (for example: not eligible for auto-proxying). Is this bean getting eagerly injected into a currently created BeanPostProcessor [loadBalancerWebClientBuilderBeanPostProcessor]? Check the corresponding BeanPostProcessor declaration and its dependencies.
2026-05-17 18:04:23,080 WARN o.s.c.s.PostProcessorRegistrationDelegate$BeanPostProcessorChecker [restartedMain] Bean 'reactorDeferringLoadBalancerExchangeFilterFunction' of type [org.springframework.cloud.client.loadbalancer.reactive.DeferringLoadBalancerExchangeFilterFunction] is not eligible for getting processed by all BeanPostProcessors (for example: not eligible for auto-proxying). Is this bean getting eagerly injected into a currently created BeanPostProcessor [loadBalancerWebClientBuilderBeanPostProcessor]? Check the corresponding BeanPostProcessor declaration and its dependencies.
2026-05-17 18:04:23,561 INFO o.s.b.w.e.t.TomcatWebServer [restartedMain] Tomcat initialized with port 8080 (http)
2026-05-17 18:04:23,570 INFO o.a.j.l.DirectJDKLog [restartedMain] Initializing ProtocolHandler ["http-nio-8080"]
2026-05-17 18:04:23,571 INFO o.a.j.l.DirectJDKLog [restartedMain] Starting service [Tomcat]
2026-05-17 18:04:23,571 INFO o.a.j.l.DirectJDKLog [restartedMain] Starting Servlet engine: [Apache Tomcat/10.1.24]
2026-05-17 18:04:23,612 INFO o.a.j.l.DirectJDKLog [restartedMain] Initializing Spring embedded WebApplicationContext
2026-05-17 18:04:23,612 INFO o.s.b.w.s.c.ServletWebServerApplicationContext [restartedMain] Root WebApplicationContext: initialization completed in 2583 ms
2026-05-17 18:04:24,091 INFO c.z.h.HikariDataSource [restartedMain] HikariPool-1 - Starting...
2026-05-17 18:04:24,422 INFO c.z.h.p.HikariPool [restartedMain] HikariPool-1 - Added connection com.mysql.cj.jdbc.ConnectionImpl@3dfced7b
2026-05-17 18:04:24,424 INFO c.z.h.HikariDataSource [restartedMain] HikariPool-1 - Start completed.
2026-05-17 18:04:24,472 INFO o.f.c.i.l.s.Slf4jLog [restartedMain] Database: jdbc:mysql://localhost:3306/shine_school (MySQL 8.4)
2026-05-17 18:04:24,486 WARN o.f.c.i.l.s.Slf4jLog [restartedMain] Flyway upgrade recommended: MySQL 8.4 is newer than this version of Flyway and support has not been tested. The latest supported version of MySQL is 8.1.
2026-05-17 18:04:24,508 INFO o.f.c.i.l.s.Slf4jLog [restartedMain] Schema history table `shine_school`.`flyway_schema_history` does not exist yet
2026-05-17 18:04:24,511 INFO o.f.c.i.l.s.Slf4jLog [restartedMain] Successfully validated 2 migrations (execution time 00:00.016s)
2026-05-17 18:04:24,540 INFO o.f.c.i.l.s.Slf4jLog [restartedMain] Creating Schema History table `shine_school`.`flyway_schema_history` ...
2026-05-17 18:04:24,612 INFO o.f.c.i.l.s.Slf4jLog [restartedMain] Current version of schema `shine_school`: << Empty Schema >>
2026-05-17 18:04:24,627 INFO o.f.c.i.l.s.Slf4jLog [restartedMain] Migrating schema `shine_school` to version "2 - init schema"
2026-05-17 18:04:24,840 INFO o.f.c.i.l.s.Slf4jLog [restartedMain] Migrating schema `shine_school` to version "3 - seed data"
2026-05-17 18:04:24,891 INFO o.f.c.i.l.s.Slf4jLog [restartedMain] Successfully applied 2 migrations to schema `shine_school`, now at version v3 (execution time 00:00.204s)
2026-05-17 18:04:25,040 INFO o.h.j.i.u.LogHelper [restartedMain] HHH000204: Processing PersistenceUnitInfo [name: default]
2026-05-17 18:04:25,110 INFO o.h.Version [restartedMain] HHH000412: Hibernate ORM core version 6.5.2.Final
2026-05-17 18:04:25,137 INFO o.h.c.i.RegionFactoryInitiator [restartedMain] HHH000026: Second-level cache disabled
2026-05-17 18:04:25,387 INFO o.s.o.j.p.SpringPersistenceUnitInfo [restartedMain] No LoadTimeWeaver setup: ignoring JPA class transformer
2026-05-17 18:04:26,273 INFO o.h.e.t.j.p.i.JtaPlatformInitiator [restartedMain] HHH000489: No JTA platform available (set 'hibernate.transaction.jta.platform' to enable JTA platform integration)
2026-05-17 18:04:26,307 ERROR o.s.o.j.AbstractEntityManagerFactoryBean [restartedMain] Failed to initialize JPA EntityManagerFactory: [PersistenceUnit: default] Unable to build Hibernate SessionFactory; nested exception is org.hibernate.tool.schema.spi.SchemaManagementException: Schema-validation: missing column [class_teacher] in table [class]
2026-05-17 18:04:26,308 WARN o.s.c.s.AbstractApplicationContext [restartedMain] Exception encountered during context initialization - cancelling refresh attempt: org.springframework.beans.factory.BeanCreationException: Error creating bean with name 'entityManagerFactory' defined in class path resource [org/springframework/boot/autoconfigure/orm/jpa/HibernateJpaConfiguration.class]: [PersistenceUnit: default] Unable to build Hibernate SessionFactory; nested exception is org.hibernate.tool.schema.spi.SchemaManagementException: Schema-validation: missing column [class_teacher] in table [class]
2026-05-17 18:04:26,309 INFO c.z.h.HikariDataSource [restartedMain] HikariPool-1 - Shutdown initiated...
2026-05-17 18:04:26,322 INFO c.z.h.HikariDataSource [restartedMain] HikariPool-1 - Shutdown completed.
2026-05-17 18:04:26,323 INFO o.a.j.l.DirectJDKLog [restartedMain] Stopping service [Tomcat]
2026-05-17 18:04:26,337 INFO o.s.b.a.l.ConditionEvaluationReportLogger [restartedMain] 

Error starting ApplicationContext. To display the condition evaluation report re-run your application with 'debug' enabled.
2026-05-17 18:04:26,355 ERROR o.s.b.SpringApplication [restartedMain] Application run failed
org.springframework.beans.factory.BeanCreationException: Error creating bean with name 'entityManagerFactory' defined in class path resource [org/springframework/boot/autoconfigure/orm/jpa/HibernateJpaConfiguration.class]: [PersistenceUnit: default] Unable to build Hibernate SessionFactory; nested exception is org.hibernate.tool.schema.spi.SchemaManagementException: Schema-validation: missing column [class_teacher] in table [class]
	at org.springframework.beans.factory.support.AbstractAutowireCapableBeanFactory.initializeBean(AbstractAutowireCapableBeanFactory.java:1788)
	at org.springframework.beans.factory.support.AbstractAutowireCapableBeanFactory.doCreateBean(AbstractAutowireCapableBeanFactory.java:600)
	at org.springframework.beans.factory.support.AbstractAutowireCapableBeanFactory.createBean(AbstractAutowireCapableBeanFactory.java:522)
	at org.springframework.beans.factory.support.AbstractBeanFactory.lambda$doGetBean$0(AbstractBeanFactory.java:337)
	at org.springframework.beans.factory.support.DefaultSingletonBeanRegistry.getSingleton(DefaultSingletonBeanRegistry.java:234)
	at org.springframework.beans.factory.support.AbstractBeanFactory.doGetBean(AbstractBeanFactory.java:335)
	at org.springframework.beans.factory.support.AbstractBeanFactory.getBean(AbstractBeanFactory.java:205)
	at org.springframework.context.support.AbstractApplicationContext.finishBeanFactoryInitialization(AbstractApplicationContext.java:952)
	at org.springframework.context.support.AbstractApplicationContext.refresh(AbstractApplicationContext.java:624)
	at org.springframework.boot.web.servlet.context.ServletWebServerApplicationContext.refresh(ServletWebServerApplicationContext.java:146)
	at org.springframework.boot.SpringApplication.refresh(SpringApplication.java:754)
	at org.springframework.boot.SpringApplication.refreshContext(SpringApplication.java:456)
	at org.springframework.boot.SpringApplication.run(SpringApplication.java:335)
	at org.springframework.boot.SpringApplication.run(SpringApplication.java:1363)
	at org.springframework.boot.SpringApplication.run(SpringApplication.java:1352)
	at com.shinepublicschool.ShinePublicSchoolWebAppApplication.main(ShinePublicSchoolWebAppApplication.java:16)
	at java.base/jdk.internal.reflect.DirectMethodHandleAccessor.invoke(DirectMethodHandleAccessor.java:103)
	at java.base/java.lang.reflect.Method.invoke(Method.java:580)
	at org.springframework.boot.devtools.restart.RestartLauncher.run(RestartLauncher.java:50)
Caused by: jakarta.persistence.PersistenceException: [PersistenceUnit: default] Unable to build Hibernate SessionFactory; nested exception is org.hibernate.tool.schema.spi.SchemaManagementException: Schema-validation: missing column [class_teacher] in table [class]
	at org.springframework.orm.jpa.AbstractEntityManagerFactoryBean.buildNativeEntityManagerFactory(AbstractEntityManagerFactoryBean.java:421)
	at org.springframework.orm.jpa.AbstractEntityManagerFactoryBean.afterPropertiesSet(AbstractEntityManagerFactoryBean.java:396)
	at org.springframework.orm.jpa.LocalContainerEntityManagerFactoryBean.afterPropertiesSet(LocalContainerEntityManagerFactoryBean.java:366)
	at org.springframework.beans.factory.support.AbstractAutowireCapableBeanFactory.invokeInitMethods(AbstractAutowireCapableBeanFactory.java:1835)
	at org.springframework.beans.factory.support.AbstractAutowireCapableBeanFactory.initializeBean(AbstractAutowireCapableBeanFactory.java:1784)
	... 18 common frames omitted
Caused by: org.hibernate.tool.schema.spi.SchemaManagementException: Schema-validation: missing column [class_teacher] in table [class]
	at org.hibernate.tool.schema.internal.AbstractSchemaValidator.validateTable(AbstractSchemaValidator.java:148)
	at org.hibernate.tool.schema.internal.GroupedSchemaValidatorImpl.validateTables(GroupedSchemaValidatorImpl.java:46)
	at org.hibernate.tool.schema.internal.AbstractSchemaValidator.performValidation(AbstractSchemaValidator.java:98)
	at org.hibernate.tool.schema.internal.AbstractSchemaValidator.doValidation(AbstractSchemaValidator.java:76)
	at org.hibernate.tool.schema.spi.SchemaManagementToolCoordinator.performDatabaseAction(SchemaManagementToolCoordinator.java:289)
	at org.hibernate.tool.schema.spi.SchemaManagementToolCoordinator.lambda$process$5(SchemaManagementToolCoordinator.java:144)
	at java.base/java.util.HashMap.forEach(HashMap.java:1429)
	at org.hibernate.tool.schema.spi.SchemaManagementToolCoordinator.process(SchemaManagementToolCoordinator.java:141)
	at org.hibernate.boot.internal.SessionFactoryObserverForSchemaExport.sessionFactoryCreated(SessionFactoryObserverForSchemaExport.java:37)
	at org.hibernate.internal.SessionFactoryObserverChain.sessionFactoryCreated(SessionFactoryObserverChain.java:35)
	at org.hibernate.internal.SessionFactoryImpl.<init>(SessionFactoryImpl.java:322)
	at org.hibernate.boot.internal.SessionFactoryBuilderImpl.build(SessionFactoryBuilderImpl.java:457)
	at org.hibernate.jpa.boot.internal.EntityManagerFactoryBuilderImpl.build(EntityManagerFactoryBuilderImpl.java:1506)
	at org.springframework.orm.jpa.vendor.SpringHibernateJpaPersistenceProvider.createContainerEntityManagerFactory(SpringHibernateJpaPersistenceProvider.java:75)
	at org.springframework.orm.jpa.LocalContainerEntityManagerFactoryBean.createNativeEntityManagerFactory(LocalContainerEntityManagerFactoryBean.java:390)
	at org.springframework.orm.jpa.AbstractEntityManagerFactoryBean.buildNativeEntityManagerFactory(AbstractEntityManagerFactoryBean.java:409)
	... 22 common frames omitted
2026-05-17 18:05:38,664 INFO o.s.t.c.s.AnnotationConfigContextLoaderUtils [main] Could not detect default configuration classes for test class [com.shinepublicschool.ShinePublicSchoolWebAppApplicationTests]: ShinePublicSchoolWebAppApplicationTests does not declare any static, non-private, non-final, nested classes annotated with @Configuration.
2026-05-17 18:05:38,780 INFO o.s.b.t.c.SpringBootTestContextBootstrapper [main] Found @SpringBootConfiguration com.shinepublicschool.ShinePublicSchoolWebAppApplication for test class com.shinepublicschool.ShinePublicSchoolWebAppApplicationTests
2026-05-17 18:05:38,890 INFO o.s.b.d.r.RestartApplicationListener [main] Restart disabled due to context in which it is running
2026-05-17 18:05:39,091 INFO o.h.v.i.u.Version [background-preinit] HV000001: Hibernate Validator 8.0.1.Final
2026-05-17 18:05:39,863 INFO o.s.d.r.c.RepositoryConfigurationDelegate [main] Bootstrapping Spring Data JPA repositories in DEFAULT mode.
2026-05-17 18:05:39,963 INFO o.s.d.r.c.RepositoryConfigurationDelegate [main] Finished Spring Data repository scanning in 91 ms. Found 7 JPA repository interfaces.
2026-05-17 18:05:40,681 INFO o.s.c.c.s.GenericScope [main] BeanFactory id=e4d78bc9-f1d7-37bb-aa72-a78d30131486
2026-05-17 18:05:41,093 WARN o.s.c.s.PostProcessorRegistrationDelegate$BeanPostProcessorChecker [main] Bean 'org.springframework.cloud.client.loadbalancer.LoadBalancerAutoConfiguration$DeferringLoadBalancerInterceptorConfig' of type [org.springframework.cloud.client.loadbalancer.LoadBalancerAutoConfiguration$DeferringLoadBalancerInterceptorConfig] is not eligible for getting processed by all BeanPostProcessors (for example: not eligible for auto-proxying). The currently created BeanPostProcessor [lbRestClientPostProcessor] is declared through a non-static factory method on that class; consider declaring it as static instead.
2026-05-17 18:05:41,097 WARN o.s.c.s.PostProcessorRegistrationDelegate$BeanPostProcessorChecker [main] Bean 'deferringLoadBalancerInterceptor' of type [org.springframework.cloud.client.loadbalancer.DeferringLoadBalancerInterceptor] is not eligible for getting processed by all BeanPostProcessors (for example: not eligible for auto-proxying). Is this bean getting eagerly injected into a currently created BeanPostProcessor [lbRestClientPostProcessor]? Check the corresponding BeanPostProcessor declaration and its dependencies.
2026-05-17 18:05:41,102 WARN o.s.c.s.PostProcessorRegistrationDelegate$BeanPostProcessorChecker [main] Bean 'org.springframework.cloud.client.loadbalancer.reactive.LoadBalancerBeanPostProcessorAutoConfiguration' of type [org.springframework.cloud.client.loadbalancer.reactive.LoadBalancerBeanPostProcessorAutoConfiguration] is not eligible for getting processed by all BeanPostProcessors (for example: not eligible for auto-proxying). The currently created BeanPostProcessor [loadBalancerWebClientBuilderBeanPostProcessor] is declared through a non-static factory method on that class; consider declaring it as static instead.
2026-05-17 18:05:41,104 WARN o.s.c.s.PostProcessorRegistrationDelegate$BeanPostProcessorChecker [main] Bean 'org.springframework.cloud.client.loadbalancer.reactive.LoadBalancerBeanPostProcessorAutoConfiguration$ReactorDeferringLoadBalancerFilterConfig' of type [org.springframework.cloud.client.loadbalancer.reactive.LoadBalancerBeanPostProcessorAutoConfiguration$ReactorDeferringLoadBalancerFilterConfig] is not eligible for getting processed by all BeanPostProcessors (for example: not eligible for auto-proxying). Is this bean getting eagerly injected into a currently created BeanPostProcessor [loadBalancerWebClientBuilderBeanPostProcessor]? Check the corresponding BeanPostProcessor declaration and its dependencies.
2026-05-17 18:05:41,107 WARN o.s.c.s.PostProcessorRegistrationDelegate$BeanPostProcessorChecker [main] Bean 'reactorDeferringLoadBalancerExchangeFilterFunction' of type [org.springframework.cloud.client.loadbalancer.reactive.DeferringLoadBalancerExchangeFilterFunction] is not eligible for getting processed by all BeanPostProcessors (for example: not eligible for auto-proxying). Is this bean getting eagerly injected into a currently created BeanPostProcessor [loadBalancerWebClientBuilderBeanPostProcessor]? Check the corresponding BeanPostProcessor declaration and its dependencies.
2026-05-17 18:05:41,414 INFO c.z.h.HikariDataSource [main] HikariPool-1 - Starting...
2026-05-17 18:05:41,719 INFO c.z.h.p.HikariPool [main] HikariPool-1 - Added connection com.mysql.cj.jdbc.ConnectionImpl@3dec769
2026-05-17 18:05:41,722 INFO c.z.h.HikariDataSource [main] HikariPool-1 - Start completed.
2026-05-17 18:05:41,776 INFO o.f.c.i.l.s.Slf4jLog [main] Database: jdbc:mysql://localhost:3306/shine_school (MySQL 8.4)
2026-05-17 18:05:41,793 WARN o.f.c.i.l.s.Slf4jLog [main] Flyway upgrade recommended: MySQL 8.4 is newer than this version of Flyway and support has not been tested. The latest supported version of MySQL is 8.1.
2026-05-17 18:05:41,849 INFO o.f.c.i.l.s.Slf4jLog [main] Successfully validated 2 migrations (execution time 00:00.046s)
2026-05-17 18:05:41,882 INFO o.f.c.i.l.s.Slf4jLog [main] Current version of schema `shine_school`: 3
2026-05-17 18:05:41,885 INFO o.f.c.i.l.s.Slf4jLog [main] Schema `shine_school` is up to date. No migration necessary.
2026-05-17 18:05:42,046 INFO o.h.j.i.u.LogHelper [main] HHH000204: Processing PersistenceUnitInfo [name: default]
2026-05-17 18:05:42,115 INFO o.h.Version [main] HHH000412: Hibernate ORM core version 6.5.2.Final
2026-05-17 18:05:42,155 INFO o.h.c.i.RegionFactoryInitiator [main] HHH000026: Second-level cache disabled
2026-05-17 18:05:42,445 INFO o.s.o.j.p.SpringPersistenceUnitInfo [main] No LoadTimeWeaver setup: ignoring JPA class transformer
2026-05-17 18:05:43,236 INFO o.h.e.t.j.p.i.JtaPlatformInitiator [main] HHH000489: No JTA platform available (set 'hibernate.transaction.jta.platform' to enable JTA platform integration)
2026-05-17 18:05:43,269 ERROR o.s.o.j.AbstractEntityManagerFactoryBean [main] Failed to initialize JPA EntityManagerFactory: [PersistenceUnit: default] Unable to build Hibernate SessionFactory; nested exception is org.hibernate.tool.schema.spi.SchemaManagementException: Schema-validation: missing column [class_teacher] in table [class]
2026-05-17 18:05:43,269 WARN o.s.c.s.AbstractApplicationContext [main] Exception encountered during context initialization - cancelling refresh attempt: org.springframework.beans.factory.BeanCreationException: Error creating bean with name 'entityManagerFactory' defined in class path resource [org/springframework/boot/autoconfigure/orm/jpa/HibernateJpaConfiguration.class]: [PersistenceUnit: default] Unable to build Hibernate SessionFactory; nested exception is org.hibernate.tool.schema.spi.SchemaManagementException: Schema-validation: missing column [class_teacher] in table [class]
2026-05-17 18:05:43,269 INFO c.z.h.HikariDataSource [main] HikariPool-1 - Shutdown initiated...
2026-05-17 18:05:43,280 INFO c.z.h.HikariDataSource [main] HikariPool-1 - Shutdown completed.
2026-05-17 18:05:43,291 INFO o.s.b.a.l.ConditionEvaluationReportLogger [main] 

Error starting ApplicationContext. To display the condition evaluation report re-run your application with 'debug' enabled.
2026-05-17 18:05:43,306 ERROR o.s.b.SpringApplication [main] Application run failed
org.springframework.beans.factory.BeanCreationException: Error creating bean with name 'entityManagerFactory' defined in class path resource [org/springframework/boot/autoconfigure/orm/jpa/HibernateJpaConfiguration.class]: [PersistenceUnit: default] Unable to build Hibernate SessionFactory; nested exception is org.hibernate.tool.schema.spi.SchemaManagementException: Schema-validation: missing column [class_teacher] in table [class]
	at org.springframework.beans.factory.support.AbstractAutowireCapableBeanFactory.initializeBean(AbstractAutowireCapableBeanFactory.java:1788)
	at org.springframework.beans.factory.support.AbstractAutowireCapableBeanFactory.doCreateBean(AbstractAutowireCapableBeanFactory.java:600)
	at org.springframework.beans.factory.support.AbstractAutowireCapableBeanFactory.createBean(AbstractAutowireCapableBeanFactory.java:522)
	at org.springframework.beans.factory.support.AbstractBeanFactory.lambda$doGetBean$0(AbstractBeanFactory.java:337)
	at org.springframework.beans.factory.support.DefaultSingletonBeanRegistry.getSingleton(DefaultSingletonBeanRegistry.java:234)
	at org.springframework.beans.factory.support.AbstractBeanFactory.doGetBean(AbstractBeanFactory.java:335)
	at org.springframework.beans.factory.support.AbstractBeanFactory.getBean(AbstractBeanFactory.java:205)
	at org.springframework.context.support.AbstractApplicationContext.finishBeanFactoryInitialization(AbstractApplicationContext.java:952)
	at org.springframework.context.support.AbstractApplicationContext.refresh(AbstractApplicationContext.java:624)
	at org.springframework.boot.SpringApplication.refresh(SpringApplication.java:754)
	at org.springframework.boot.SpringApplication.refreshContext(SpringApplication.java:456)
	at org.springframework.boot.SpringApplication.run(SpringApplication.java:335)
	at org.springframework.boot.test.context.SpringBootContextLoader.lambda$loadContext$3(SpringBootContextLoader.java:137)
	at org.springframework.util.function.ThrowingSupplier.get(ThrowingSupplier.java:58)
	at org.springframework.util.function.ThrowingSupplier.get(ThrowingSupplier.java:46)
	at org.springframework.boot.SpringApplication.withHook(SpringApplication.java:1463)
	at org.springframework.boot.test.context.SpringBootContextLoader$ContextLoaderHook.run(SpringBootContextLoader.java:553)
	at org.springframework.boot.test.context.SpringBootContextLoader.loadContext(SpringBootContextLoader.java:137)
	at org.springframework.boot.test.context.SpringBootContextLoader.loadContext(SpringBootContextLoader.java:108)
	at org.springframework.test.context.cache.DefaultCacheAwareContextLoaderDelegate.loadContextInternal(DefaultCacheAwareContextLoaderDelegate.java:225)
	at org.springframework.test.context.cache.DefaultCacheAwareContextLoaderDelegate.loadContext(DefaultCacheAwareContextLoaderDelegate.java:152)
	at org.springframework.test.context.support.DefaultTestContext.getApplicationContext(DefaultTestContext.java:130)
	at org.springframework.test.context.web.ServletTestExecutionListener.setUpRequestContextIfNecessary(ServletTestExecutionListener.java:191)
	at org.springframework.test.context.web.ServletTestExecutionListener.prepareTestInstance(ServletTestExecutionListener.java:130)
	at org.springframework.test.context.TestContextManager.prepareTestInstance(TestContextManager.java:260)
	at org.springframework.test.context.junit.jupiter.SpringExtension.postProcessTestInstance(SpringExtension.java:163)
	at org.junit.jupiter.engine.descriptor.ClassBasedTestDescriptor.lambda$invokeTestInstancePostProcessors$10(ClassBasedTestDescriptor.java:378)
	at org.junit.jupiter.engine.descriptor.ClassBasedTestDescriptor.executeAndMaskThrowable(ClassBasedTestDescriptor.java:383)
	at org.junit.jupiter.engine.descriptor.ClassBasedTestDescriptor.lambda$invokeTestInstancePostProcessors$11(ClassBasedTestDescriptor.java:378)
	at java.base/java.util.stream.ReferencePipeline$3$1.accept(ReferencePipeline.java:197)
	at java.base/java.util.stream.ReferencePipeline$2$1.accept(ReferencePipeline.java:179)
	at java.base/java.util.ArrayList$ArrayListSpliterator.forEachRemaining(ArrayList.java:1708)
	at java.base/java.util.stream.AbstractPipeline.copyInto(AbstractPipeline.java:509)
	at java.base/java.util.stream.AbstractPipeline.wrapAndCopyInto(AbstractPipeline.java:499)
	at java.base/java.util.stream.StreamSpliterators$WrappingSpliterator.forEachRemaining(StreamSpliterators.java:310)
	at java.base/java.util.stream.Streams$ConcatSpliterator.forEachRemaining(Streams.java:735)
	at java.base/java.util.stream.Streams$ConcatSpliterator.forEachRemaining(Streams.java:734)
	at java.base/java.util.stream.ReferencePipeline$Head.forEach(ReferencePipeline.java:762)
	at org.junit.jupiter.engine.descriptor.ClassBasedTestDescriptor.invokeTestInstancePostProcessors(ClassBasedTestDescriptor.java:377)
	at org.junit.jupiter.engine.descriptor.ClassBasedTestDescriptor.lambda$instantiateAndPostProcessTestInstance$6(ClassBasedTestDescriptor.java:290)
	at org.junit.platform.engine.support.hierarchical.ThrowableCollector.execute(ThrowableCollector.java:73)
	at org.junit.jupiter.engine.descriptor.ClassBasedTestDescriptor.instantiateAndPostProcessTestInstance(ClassBasedTestDescriptor.java:289)
	at org.junit.jupiter.engine.descriptor.ClassBasedTestDescriptor.lambda$testInstancesProvider$4(ClassBasedTestDescriptor.java:279)
	at java.base/java.util.Optional.orElseGet(Optional.java:364)
	at org.junit.jupiter.engine.descriptor.ClassBasedTestDescriptor.lambda$testInstancesProvider$5(ClassBasedTestDescriptor.java:278)
	at org.junit.jupiter.engine.execution.TestInstancesProvider.getTestInstances(TestInstancesProvider.java:31)
	at org.junit.jupiter.engine.descriptor.TestMethodTestDescriptor.lambda$prepare$0(TestMethodTestDescriptor.java:106)
	at org.junit.platform.engine.support.hierarchical.ThrowableCollector.execute(ThrowableCollector.java:73)
	at org.junit.jupiter.engine.descriptor.TestMethodTestDescriptor.prepare(TestMethodTestDescriptor.java:105)
	at org.junit.jupiter.engine.descriptor.TestMethodTestDescriptor.prepare(TestMethodTestDescriptor.java:69)
	at org.junit.platform.engine.support.hierarchical.NodeTestTask.lambda$prepare$2(NodeTestTask.java:123)
	at org.junit.platform.engine.support.hierarchical.ThrowableCollector.execute(ThrowableCollector.java:73)
	at org.junit.platform.engine.support.hierarchical.NodeTestTask.prepare(NodeTestTask.java:123)
	at org.junit.platform.engine.support.hierarchical.NodeTestTask.execute(NodeTestTask.java:90)
	at java.base/java.util.ArrayList.forEach(ArrayList.java:1596)
	at org.junit.platform.engine.support.hierarchical.SameThreadHierarchicalTestExecutorService.invokeAll(SameThreadHierarchicalTestExecutorService.java:41)
	at org.junit.platform.engine.support.hierarchical.NodeTestTask.lambda$executeRecursively$6(NodeTestTask.java:155)
	at org.junit.platform.engine.support.hierarchical.ThrowableCollector.execute(ThrowableCollector.java:73)
	at org.junit.platform.engine.support.hierarchical.NodeTestTask.lambda$executeRecursively$8(NodeTestTask.java:141)
	at org.junit.platform.engine.support.hierarchical.Node.around(Node.java:137)
	at org.junit.platform.engine.support.hierarchical.NodeTestTask.lambda$executeRecursively$9(NodeTestTask.java:139)
	at org.junit.platform.engine.support.hierarchical.ThrowableCollector.execute(ThrowableCollector.java:73)
	at org.junit.platform.engine.support.hierarchical.NodeTestTask.executeRecursively(NodeTestTask.java:138)
	at org.junit.platform.engine.support.hierarchical.NodeTestTask.execute(NodeTestTask.java:95)
	at java.base/java.util.ArrayList.forEach(ArrayList.java:1596)
	at org.junit.platform.engine.support.hierarchical.SameThreadHierarchicalTestExecutorService.invokeAll(SameThreadHierarchicalTestExecutorService.java:41)
	at org.junit.platform.engine.support.hierarchical.NodeTestTask.lambda$executeRecursively$6(NodeTestTask.java:155)
	at org.junit.platform.engine.support.hierarchical.ThrowableCollector.execute(ThrowableCollector.java:73)
	at org.junit.platform.engine.support.hierarchical.NodeTestTask.lambda$executeRecursively$8(NodeTestTask.java:141)
	at org.junit.platform.engine.support.hierarchical.Node.around(Node.java:137)
	at org.junit.platform.engine.support.hierarchical.NodeTestTask.lambda$executeRecursively$9(NodeTestTask.java:139)
	at org.junit.platform.engine.support.hierarchical.ThrowableCollector.execute(ThrowableCollector.java:73)
	at org.junit.platform.engine.support.hierarchical.NodeTestTask.executeRecursively(NodeTestTask.java:138)
	at org.junit.platform.engine.support.hierarchical.NodeTestTask.execute(NodeTestTask.java:95)
	at org.junit.platform.engine.support.hierarchical.SameThreadHierarchicalTestExecutorService.submit(SameThreadHierarchicalTestExecutorService.java:35)
	at org.junit.platform.engine.support.hierarchical.HierarchicalTestExecutor.execute(HierarchicalTestExecutor.java:57)
	at org.junit.platform.engine.support.hierarchical.HierarchicalTestEngine.execute(HierarchicalTestEngine.java:54)
	at org.junit.platform.launcher.core.EngineExecutionOrchestrator.execute(EngineExecutionOrchestrator.java:198)
	at org.junit.platform.launcher.core.EngineExecutionOrchestrator.execute(EngineExecutionOrchestrator.java:169)
	at org.junit.platform.launcher.core.EngineExecutionOrchestrator.execute(EngineExecutionOrchestrator.java:93)
	at org.junit.platform.launcher.core.EngineExecutionOrchestrator.lambda$execute$0(EngineExecutionOrchestrator.java:58)
	at org.junit.platform.launcher.core.EngineExecutionOrchestrator.withInterceptedStreams(EngineExecutionOrchestrator.java:141)
	at org.junit.platform.launcher.core.EngineExecutionOrchestrator.execute(EngineExecutionOrchestrator.java:57)
	at org.junit.platform.launcher.core.DefaultLauncher.execute(DefaultLauncher.java:103)
	at org.junit.platform.launcher.core.DefaultLauncher.execute(DefaultLauncher.java:85)
	at org.junit.platform.launcher.core.DelegatingLauncher.execute(DelegatingLauncher.java:47)
	at org.apache.maven.surefire.junitplatform.LazyLauncher.execute(LazyLauncher.java:56)
	at org.apache.maven.surefire.junitplatform.JUnitPlatformProvider.execute(JUnitPlatformProvider.java:184)
	at org.apache.maven.surefire.junitplatform.JUnitPlatformProvider.invokeAllTests(JUnitPlatformProvider.java:148)
	at org.apache.maven.surefire.junitplatform.JUnitPlatformProvider.invoke(JUnitPlatformProvider.java:122)
	at org.apache.maven.surefire.booter.ForkedBooter.runSuitesInProcess(ForkedBooter.java:385)
	at org.apache.maven.surefire.booter.ForkedBooter.execute(ForkedBooter.java:162)
	at org.apache.maven.surefire.booter.ForkedBooter.run(ForkedBooter.java:507)
	at org.apache.maven.surefire.booter.ForkedBooter.main(ForkedBooter.java:495)
Caused by: jakarta.persistence.PersistenceException: [PersistenceUnit: default] Unable to build Hibernate SessionFactory; nested exception is org.hibernate.tool.schema.spi.SchemaManagementException: Schema-validation: missing column [class_teacher] in table [class]
	at org.springframework.orm.jpa.AbstractEntityManagerFactoryBean.buildNativeEntityManagerFactory(AbstractEntityManagerFactoryBean.java:421)
	at org.springframework.orm.jpa.AbstractEntityManagerFactoryBean.afterPropertiesSet(AbstractEntityManagerFactoryBean.java:396)
	at org.springframework.orm.jpa.LocalContainerEntityManagerFactoryBean.afterPropertiesSet(LocalContainerEntityManagerFactoryBean.java:366)
	at org.springframework.beans.factory.support.AbstractAutowireCapableBeanFactory.invokeInitMethods(AbstractAutowireCapableBeanFactory.java:1835)
	at org.springframework.beans.factory.support.AbstractAutowireCapableBeanFactory.initializeBean(AbstractAutowireCapableBeanFactory.java:1784)
	... 93 common frames omitted
Caused by: org.hibernate.tool.schema.spi.SchemaManagementException: Schema-validation: missing column [class_teacher] in table [class]
	at org.hibernate.tool.schema.internal.AbstractSchemaValidator.validateTable(AbstractSchemaValidator.java:148)
	at org.hibernate.tool.schema.internal.GroupedSchemaValidatorImpl.validateTables(GroupedSchemaValidatorImpl.java:46)
	at org.hibernate.tool.schema.internal.AbstractSchemaValidator.performValidation(AbstractSchemaValidator.java:98)
	at org.hibernate.tool.schema.internal.AbstractSchemaValidator.doValidation(AbstractSchemaValidator.java:76)
	at org.hibernate.tool.schema.spi.SchemaManagementToolCoordinator.performDatabaseAction(SchemaManagementToolCoordinator.java:289)
	at org.hibernate.tool.schema.spi.SchemaManagementToolCoordinator.lambda$process$5(SchemaManagementToolCoordinator.java:144)
	at java.base/java.util.HashMap.forEach(HashMap.java:1429)
	at org.hibernate.tool.schema.spi.SchemaManagementToolCoordinator.process(SchemaManagementToolCoordinator.java:141)
	at org.hibernate.boot.internal.SessionFactoryObserverForSchemaExport.sessionFactoryCreated(SessionFactoryObserverForSchemaExport.java:37)
	at org.hibernate.internal.SessionFactoryObserverChain.sessionFactoryCreated(SessionFactoryObserverChain.java:35)
	at org.hibernate.internal.SessionFactoryImpl.<init>(SessionFactoryImpl.java:322)
	at org.hibernate.boot.internal.SessionFactoryBuilderImpl.build(SessionFactoryBuilderImpl.java:457)
	at org.hibernate.jpa.boot.internal.EntityManagerFactoryBuilderImpl.build(EntityManagerFactoryBuilderImpl.java:1506)
	at org.springframework.orm.jpa.vendor.SpringHibernateJpaPersistenceProvider.createContainerEntityManagerFactory(SpringHibernateJpaPersistenceProvider.java:75)
	at org.springframework.orm.jpa.LocalContainerEntityManagerFactoryBean.createNativeEntityManagerFactory(LocalContainerEntityManagerFactoryBean.java:390)
	at org.springframework.orm.jpa.AbstractEntityManagerFactoryBean.buildNativeEntityManagerFactory(AbstractEntityManagerFactoryBean.java:409)
	... 97 common frames omitted
2026-05-17 18:05:43,312 WARN o.s.t.c.TestContextManager [main] Caught exception while allowing TestExecutionListener [org.springframework.test.context.web.ServletTestExecutionListener] to prepare test instance [com.shinepublicschool.ShinePublicSchoolWebAppApplicationTests@2c855eb7]
java.lang.IllegalStateException: Failed to load ApplicationContext for [WebMergedContextConfiguration@55fbebba testClass = com.shinepublicschool.ShinePublicSchoolWebAppApplicationTests, locations = [], classes = [com.shinepublicschool.ShinePublicSchoolWebAppApplication], contextInitializerClasses = [], activeProfiles = [], propertySourceDescriptors = [], propertySourceProperties = ["org.springframework.boot.test.context.SpringBootTestContextBootstrapper=true"], contextCustomizers = [org.springframework.boot.test.context.filter.ExcludeFilterContextCustomizer@294e5088, org.springframework.boot.test.json.DuplicateJsonObjectContextCustomizerFactory$DuplicateJsonObjectContextCustomizer@31000e60, org.springframework.boot.test.mock.mockito.MockitoContextCustomizer@0, org.springframework.boot.test.web.client.TestRestTemplateContextCustomizer@64ba3208, org.springframework.boot.test.web.reactive.server.WebTestClientContextCustomizer@1d131e1b, org.springframework.boot.test.autoconfigure.actuate.observability.ObservabilityContextCustomizerFactory$DisableObservabilityContextCustomizer@1f, org.springframework.boot.test.autoconfigure.properties.PropertyMappingContextCustomizer@0, org.springframework.boot.test.autoconfigure.web.servlet.WebDriverContextCustomizer@4d722ac9, org.springframework.boot.test.context.SpringBootTestAnnotation@c557cb78], resourceBasePath = "src/main/webapp", contextLoader = org.springframework.boot.test.context.SpringBootContextLoader, parent = null]
	at org.springframework.test.context.cache.DefaultCacheAwareContextLoaderDelegate.loadContext(DefaultCacheAwareContextLoaderDelegate.java:180)
	at org.springframework.test.context.support.DefaultTestContext.getApplicationContext(DefaultTestContext.java:130)
	at org.springframework.test.context.web.ServletTestExecutionListener.setUpRequestContextIfNecessary(ServletTestExecutionListener.java:191)
	at org.springframework.test.context.web.ServletTestExecutionListener.prepareTestInstance(ServletTestExecutionListener.java:130)
	at org.springframework.test.context.TestContextManager.prepareTestInstance(TestContextManager.java:260)
	at org.springframework.test.context.junit.jupiter.SpringExtension.postProcessTestInstance(SpringExtension.java:163)
	at org.junit.jupiter.engine.descriptor.ClassBasedTestDescriptor.lambda$invokeTestInstancePostProcessors$10(ClassBasedTestDescriptor.java:378)
	at org.junit.jupiter.engine.descriptor.ClassBasedTestDescriptor.executeAndMaskThrowable(ClassBasedTestDescriptor.java:383)
	at org.junit.jupiter.engine.descriptor.ClassBasedTestDescriptor.lambda$invokeTestInstancePostProcessors$11(ClassBasedTestDescriptor.java:378)
	at java.base/java.util.stream.ReferencePipeline$3$1.accept(ReferencePipeline.java:197)
	at java.base/java.util.stream.ReferencePipeline$2$1.accept(ReferencePipeline.java:179)
	at java.base/java.util.ArrayList$ArrayListSpliterator.forEachRemaining(ArrayList.java:1708)
	at java.base/java.util.stream.AbstractPipeline.copyInto(AbstractPipeline.java:509)
	at java.base/java.util.stream.AbstractPipeline.wrapAndCopyInto(AbstractPipeline.java:499)
	at java.base/java.util.stream.StreamSpliterators$WrappingSpliterator.forEachRemaining(StreamSpliterators.java:310)
	at java.base/java.util.stream.Streams$ConcatSpliterator.forEachRemaining(Streams.java:735)
	at java.base/java.util.stream.Streams$ConcatSpliterator.forEachRemaining(Streams.java:734)
	at java.base/java.util.stream.ReferencePipeline$Head.forEach(ReferencePipeline.java:762)
	at org.junit.jupiter.engine.descriptor.ClassBasedTestDescriptor.invokeTestInstancePostProcessors(ClassBasedTestDescriptor.java:377)
	at org.junit.jupiter.engine.descriptor.ClassBasedTestDescriptor.lambda$instantiateAndPostProcessTestInstance$6(ClassBasedTestDescriptor.java:290)
	at org.junit.platform.engine.support.hierarchical.ThrowableCollector.execute(ThrowableCollector.java:73)
	at org.junit.jupiter.engine.descriptor.ClassBasedTestDescriptor.instantiateAndPostProcessTestInstance(ClassBasedTestDescriptor.java:289)
	at org.junit.jupiter.engine.descriptor.ClassBasedTestDescriptor.lambda$testInstancesProvider$4(ClassBasedTestDescriptor.java:279)
	at java.base/java.util.Optional.orElseGet(Optional.java:364)
	at org.junit.jupiter.engine.descriptor.ClassBasedTestDescriptor.lambda$testInstancesProvider$5(ClassBasedTestDescriptor.java:278)
	at org.junit.jupiter.engine.execution.TestInstancesProvider.getTestInstances(TestInstancesProvider.java:31)
	at org.junit.jupiter.engine.descriptor.TestMethodTestDescriptor.lambda$prepare$0(TestMethodTestDescriptor.java:106)
	at org.junit.platform.engine.support.hierarchical.ThrowableCollector.execute(ThrowableCollector.java:73)
	at org.junit.jupiter.engine.descriptor.TestMethodTestDescriptor.prepare(TestMethodTestDescriptor.java:105)
	at org.junit.jupiter.engine.descriptor.TestMethodTestDescriptor.prepare(TestMethodTestDescriptor.java:69)
	at org.junit.platform.engine.support.hierarchical.NodeTestTask.lambda$prepare$2(NodeTestTask.java:123)
	at org.junit.platform.engine.support.hierarchical.ThrowableCollector.execute(ThrowableCollector.java:73)
	at org.junit.platform.engine.support.hierarchical.NodeTestTask.prepare(NodeTestTask.java:123)
	at org.junit.platform.engine.support.hierarchical.NodeTestTask.execute(NodeTestTask.java:90)
	at java.base/java.util.ArrayList.forEach(ArrayList.java:1596)
	at org.junit.platform.engine.support.hierarchical.SameThreadHierarchicalTestExecutorService.invokeAll(SameThreadHierarchicalTestExecutorService.java:41)
	at org.junit.platform.engine.support.hierarchical.NodeTestTask.lambda$executeRecursively$6(NodeTestTask.java:155)
	at org.junit.platform.engine.support.hierarchical.ThrowableCollector.execute(ThrowableCollector.java:73)
	at org.junit.platform.engine.support.hierarchical.NodeTestTask.lambda$executeRecursively$8(NodeTestTask.java:141)
	at org.junit.platform.engine.support.hierarchical.Node.around(Node.java:137)
	at org.junit.platform.engine.support.hierarchical.NodeTestTask.lambda$executeRecursively$9(NodeTestTask.java:139)
	at org.junit.platform.engine.support.hierarchical.ThrowableCollector.execute(ThrowableCollector.java:73)
	at org.junit.platform.engine.support.hierarchical.NodeTestTask.executeRecursively(NodeTestTask.java:138)
	at org.junit.platform.engine.support.hierarchical.NodeTestTask.execute(NodeTestTask.java:95)
	at java.base/java.util.ArrayList.forEach(ArrayList.java:1596)
	at org.junit.platform.engine.support.hierarchical.SameThreadHierarchicalTestExecutorService.invokeAll(SameThreadHierarchicalTestExecutorService.java:41)
	at org.junit.platform.engine.support.hierarchical.NodeTestTask.lambda$executeRecursively$6(NodeTestTask.java:155)
	at org.junit.platform.engine.support.hierarchical.ThrowableCollector.execute(ThrowableCollector.java:73)
	at org.junit.platform.engine.support.hierarchical.NodeTestTask.lambda$executeRecursively$8(NodeTestTask.java:141)
	at org.junit.platform.engine.support.hierarchical.Node.around(Node.java:137)
	at org.junit.platform.engine.support.hierarchical.NodeTestTask.lambda$executeRecursively$9(NodeTestTask.java:139)
	at org.junit.platform.engine.support.hierarchical.ThrowableCollector.execute(ThrowableCollector.java:73)
	at org.junit.platform.engine.support.hierarchical.NodeTestTask.executeRecursively(NodeTestTask.java:138)
	at org.junit.platform.engine.support.hierarchical.NodeTestTask.execute(NodeTestTask.java:95)
	at org.junit.platform.engine.support.hierarchical.SameThreadHierarchicalTestExecutorService.submit(SameThreadHierarchicalTestExecutorService.java:35)
	at org.junit.platform.engine.support.hierarchical.HierarchicalTestExecutor.execute(HierarchicalTestExecutor.java:57)
	at org.junit.platform.engine.support.hierarchical.HierarchicalTestEngine.execute(HierarchicalTestEngine.java:54)
	at org.junit.platform.launcher.core.EngineExecutionOrchestrator.execute(EngineExecutionOrchestrator.java:198)
	at org.junit.platform.launcher.core.EngineExecutionOrchestrator.execute(EngineExecutionOrchestrator.java:169)
	at org.junit.platform.launcher.core.EngineExecutionOrchestrator.execute(EngineExecutionOrchestrator.java:93)
	at org.junit.platform.launcher.core.EngineExecutionOrchestrator.lambda$execute$0(EngineExecutionOrchestrator.java:58)
	at org.junit.platform.launcher.core.EngineExecutionOrchestrator.withInterceptedStreams(EngineExecutionOrchestrator.java:141)
	at org.junit.platform.launcher.core.EngineExecutionOrchestrator.execute(EngineExecutionOrchestrator.java:57)
	at org.junit.platform.launcher.core.DefaultLauncher.execute(DefaultLauncher.java:103)
	at org.junit.platform.launcher.core.DefaultLauncher.execute(DefaultLauncher.java:85)
	at org.junit.platform.launcher.core.DelegatingLauncher.execute(DelegatingLauncher.java:47)
	at org.apache.maven.surefire.junitplatform.LazyLauncher.execute(LazyLauncher.java:56)
	at org.apache.maven.surefire.junitplatform.JUnitPlatformProvider.execute(JUnitPlatformProvider.java:184)
	at org.apache.maven.surefire.junitplatform.JUnitPlatformProvider.invokeAllTests(JUnitPlatformProvider.java:148)
	at org.apache.maven.surefire.junitplatform.JUnitPlatformProvider.invoke(JUnitPlatformProvider.java:122)
	at org.apache.maven.surefire.booter.ForkedBooter.runSuitesInProcess(ForkedBooter.java:385)
	at org.apache.maven.surefire.booter.ForkedBooter.execute(ForkedBooter.java:162)
	at org.apache.maven.surefire.booter.ForkedBooter.run(ForkedBooter.java:507)
	at org.apache.maven.surefire.booter.ForkedBooter.main(ForkedBooter.java:495)
Caused by: org.springframework.beans.factory.BeanCreationException: Error creating bean with name 'entityManagerFactory' defined in class path resource [org/springframework/boot/autoconfigure/orm/jpa/HibernateJpaConfiguration.class]: [PersistenceUnit: default] Unable to build Hibernate SessionFactory; nested exception is org.hibernate.tool.schema.spi.SchemaManagementException: Schema-validation: missing column [class_teacher] in table [class]
	at org.springframework.beans.factory.support.AbstractAutowireCapableBeanFactory.initializeBean(AbstractAutowireCapableBeanFactory.java:1788)
	at org.springframework.beans.factory.support.AbstractAutowireCapableBeanFactory.doCreateBean(AbstractAutowireCapableBeanFactory.java:600)
	at org.springframework.beans.factory.support.AbstractAutowireCapableBeanFactory.createBean(AbstractAutowireCapableBeanFactory.java:522)
	at org.springframework.beans.factory.support.AbstractBeanFactory.lambda$doGetBean$0(AbstractBeanFactory.java:337)
	at org.springframework.beans.factory.support.DefaultSingletonBeanRegistry.getSingleton(DefaultSingletonBeanRegistry.java:234)
	at org.springframework.beans.factory.support.AbstractBeanFactory.doGetBean(AbstractBeanFactory.java:335)
	at org.springframework.beans.factory.support.AbstractBeanFactory.getBean(AbstractBeanFactory.java:205)
	at org.springframework.context.support.AbstractApplicationContext.finishBeanFactoryInitialization(AbstractApplicationContext.java:952)
	at org.springframework.context.support.AbstractApplicationContext.refresh(AbstractApplicationContext.java:624)
	at org.springframework.boot.SpringApplication.refresh(SpringApplication.java:754)
	at org.springframework.boot.SpringApplication.refreshContext(SpringApplication.java:456)
	at org.springframework.boot.SpringApplication.run(SpringApplication.java:335)
	at org.springframework.boot.test.context.SpringBootContextLoader.lambda$loadContext$3(SpringBootContextLoader.java:137)
	at org.springframework.util.function.ThrowingSupplier.get(ThrowingSupplier.java:58)
	at org.springframework.util.function.ThrowingSupplier.get(ThrowingSupplier.java:46)
	at org.springframework.boot.SpringApplication.withHook(SpringApplication.java:1463)
	at org.springframework.boot.test.context.SpringBootContextLoader$ContextLoaderHook.run(SpringBootContextLoader.java:553)
	at org.springframework.boot.test.context.SpringBootContextLoader.loadContext(SpringBootContextLoader.java:137)
	at org.springframework.boot.test.context.SpringBootContextLoader.loadContext(SpringBootContextLoader.java:108)
	at org.springframework.test.context.cache.DefaultCacheAwareContextLoaderDelegate.loadContextInternal(DefaultCacheAwareContextLoaderDelegate.java:225)
	at org.springframework.test.context.cache.DefaultCacheAwareContextLoaderDelegate.loadContext(DefaultCacheAwareContextLoaderDelegate.java:152)
	... 73 common frames omitted
Caused by: jakarta.persistence.PersistenceException: [PersistenceUnit: default] Unable to build Hibernate SessionFactory; nested exception is org.hibernate.tool.schema.spi.SchemaManagementException: Schema-validation: missing column [class_teacher] in table [class]
	at org.springframework.orm.jpa.AbstractEntityManagerFactoryBean.buildNativeEntityManagerFactory(AbstractEntityManagerFactoryBean.java:421)
	at org.springframework.orm.jpa.AbstractEntityManagerFactoryBean.afterPropertiesSet(AbstractEntityManagerFactoryBean.java:396)
	at org.springframework.orm.jpa.LocalContainerEntityManagerFactoryBean.afterPropertiesSet(LocalContainerEntityManagerFactoryBean.java:366)
	at org.springframework.beans.factory.support.AbstractAutowireCapableBeanFactory.invokeInitMethods(AbstractAutowireCapableBeanFactory.java:1835)
	at org.springframework.beans.factory.support.AbstractAutowireCapableBeanFactory.initializeBean(AbstractAutowireCapableBeanFactory.java:1784)
	... 93 common frames omitted
Caused by: org.hibernate.tool.schema.spi.SchemaManagementException: Schema-validation: missing column [class_teacher] in table [class]
	at org.hibernate.tool.schema.internal.AbstractSchemaValidator.validateTable(AbstractSchemaValidator.java:148)
	at org.hibernate.tool.schema.internal.GroupedSchemaValidatorImpl.validateTables(GroupedSchemaValidatorImpl.java:46)
	at org.hibernate.tool.schema.internal.AbstractSchemaValidator.performValidation(AbstractSchemaValidator.java:98)
	at org.hibernate.tool.schema.internal.AbstractSchemaValidator.doValidation(AbstractSchemaValidator.java:76)
	at org.hibernate.tool.schema.spi.SchemaManagementToolCoordinator.performDatabaseAction(SchemaManagementToolCoordinator.java:289)
	at org.hibernate.tool.schema.spi.SchemaManagementToolCoordinator.lambda$process$5(SchemaManagementToolCoordinator.java:144)
	at java.base/java.util.HashMap.forEach(HashMap.java:1429)
	at org.hibernate.tool.schema.spi.SchemaManagementToolCoordinator.process(SchemaManagementToolCoordinator.java:141)
	at org.hibernate.boot.internal.SessionFactoryObserverForSchemaExport.sessionFactoryCreated(SessionFactoryObserverForSchemaExport.java:37)
	at org.hibernate.internal.SessionFactoryObserverChain.sessionFactoryCreated(SessionFactoryObserverChain.java:35)
	at org.hibernate.internal.SessionFactoryImpl.<init>(SessionFactoryImpl.java:322)
	at org.hibernate.boot.internal.SessionFactoryBuilderImpl.build(SessionFactoryBuilderImpl.java:457)
	at org.hibernate.jpa.boot.internal.EntityManagerFactoryBuilderImpl.build(EntityManagerFactoryBuilderImpl.java:1506)
	at org.springframework.orm.jpa.vendor.SpringHibernateJpaPersistenceProvider.createContainerEntityManagerFactory(SpringHibernateJpaPersistenceProvider.java:75)
	at org.springframework.orm.jpa.LocalContainerEntityManagerFactoryBean.createNativeEntityManagerFactory(LocalContainerEntityManagerFactoryBean.java:390)
	at org.springframework.orm.jpa.AbstractEntityManagerFactoryBean.buildNativeEntityManagerFactory(AbstractEntityManagerFactoryBean.java:409)
	... 97 common frames omitted
2026-05-17 18:07:15,753 INFO o.s.t.c.s.AnnotationConfigContextLoaderUtils [main] Could not detect default configuration classes for test class [com.shinepublicschool.ShinePublicSchoolWebAppApplicationTests]: ShinePublicSchoolWebAppApplicationTests does not declare any static, non-private, non-final, nested classes annotated with @Configuration.
2026-05-17 18:07:15,847 INFO o.s.b.t.c.SpringBootTestContextBootstrapper [main] Found @SpringBootConfiguration com.shinepublicschool.ShinePublicSchoolWebAppApplication for test class com.shinepublicschool.ShinePublicSchoolWebAppApplicationTests
2026-05-17 18:07:15,958 INFO o.s.b.d.r.RestartApplicationListener [main] Restart disabled due to context in which it is running
2026-05-17 18:07:16,162 INFO o.h.v.i.u.Version [background-preinit] HV000001: Hibernate Validator 8.0.1.Final
2026-05-17 18:07:16,940 INFO o.s.d.r.c.RepositoryConfigurationDelegate [main] Bootstrapping Spring Data JPA repositories in DEFAULT mode.
2026-05-17 18:07:17,039 INFO o.s.d.r.c.RepositoryConfigurationDelegate [main] Finished Spring Data repository scanning in 93 ms. Found 7 JPA repository interfaces.
2026-05-17 18:07:17,707 INFO o.s.c.c.s.GenericScope [main] BeanFactory id=e4d78bc9-f1d7-37bb-aa72-a78d30131486
2026-05-17 18:07:18,072 WARN o.s.c.s.PostProcessorRegistrationDelegate$BeanPostProcessorChecker [main] Bean 'org.springframework.cloud.client.loadbalancer.LoadBalancerAutoConfiguration$DeferringLoadBalancerInterceptorConfig' of type [org.springframework.cloud.client.loadbalancer.LoadBalancerAutoConfiguration$DeferringLoadBalancerInterceptorConfig] is not eligible for getting processed by all BeanPostProcessors (for example: not eligible for auto-proxying). The currently created BeanPostProcessor [lbRestClientPostProcessor] is declared through a non-static factory method on that class; consider declaring it as static instead.
2026-05-17 18:07:18,077 WARN o.s.c.s.PostProcessorRegistrationDelegate$BeanPostProcessorChecker [main] Bean 'deferringLoadBalancerInterceptor' of type [org.springframework.cloud.client.loadbalancer.DeferringLoadBalancerInterceptor] is not eligible for getting processed by all BeanPostProcessors (for example: not eligible for auto-proxying). Is this bean getting eagerly injected into a currently created BeanPostProcessor [lbRestClientPostProcessor]? Check the corresponding BeanPostProcessor declaration and its dependencies.
2026-05-17 18:07:18,083 WARN o.s.c.s.PostProcessorRegistrationDelegate$BeanPostProcessorChecker [main] Bean 'org.springframework.cloud.client.loadbalancer.reactive.LoadBalancerBeanPostProcessorAutoConfiguration' of type [org.springframework.cloud.client.loadbalancer.reactive.LoadBalancerBeanPostProcessorAutoConfiguration] is not eligible for getting processed by all BeanPostProcessors (for example: not eligible for auto-proxying). The currently created BeanPostProcessor [loadBalancerWebClientBuilderBeanPostProcessor] is declared through a non-static factory method on that class; consider declaring it as static instead.
2026-05-17 18:07:18,085 WARN o.s.c.s.PostProcessorRegistrationDelegate$BeanPostProcessorChecker [main] Bean 'org.springframework.cloud.client.loadbalancer.reactive.LoadBalancerBeanPostProcessorAutoConfiguration$ReactorDeferringLoadBalancerFilterConfig' of type [org.springframework.cloud.client.loadbalancer.reactive.LoadBalancerBeanPostProcessorAutoConfiguration$ReactorDeferringLoadBalancerFilterConfig] is not eligible for getting processed by all BeanPostProcessors (for example: not eligible for auto-proxying). Is this bean getting eagerly injected into a currently created BeanPostProcessor [loadBalancerWebClientBuilderBeanPostProcessor]? Check the corresponding BeanPostProcessor declaration and its dependencies.
2026-05-17 18:07:18,088 WARN o.s.c.s.PostProcessorRegistrationDelegate$BeanPostProcessorChecker [main] Bean 'reactorDeferringLoadBalancerExchangeFilterFunction' of type [org.springframework.cloud.client.loadbalancer.reactive.DeferringLoadBalancerExchangeFilterFunction] is not eligible for getting processed by all BeanPostProcessors (for example: not eligible for auto-proxying). Is this bean getting eagerly injected into a currently created BeanPostProcessor [loadBalancerWebClientBuilderBeanPostProcessor]? Check the corresponding BeanPostProcessor declaration and its dependencies.
2026-05-17 18:07:18,389 INFO c.z.h.HikariDataSource [main] HikariPool-1 - Starting...
2026-05-17 18:07:18,713 INFO c.z.h.p.HikariPool [main] HikariPool-1 - Added connection com.mysql.cj.jdbc.ConnectionImpl@2d5c160e
2026-05-17 18:07:18,716 INFO c.z.h.HikariDataSource [main] HikariPool-1 - Start completed.
2026-05-17 18:07:18,765 INFO o.f.c.i.l.s.Slf4jLog [main] Database: jdbc:mysql://localhost:3306/shine_school (MySQL 8.4)
2026-05-17 18:07:18,782 WARN o.f.c.i.l.s.Slf4jLog [main] Flyway upgrade recommended: MySQL 8.4 is newer than this version of Flyway and support has not been tested. The latest supported version of MySQL is 8.1.
2026-05-17 18:07:18,839 WARN o.s.c.s.AbstractApplicationContext [main] Exception encountered during context initialization - cancelling refresh attempt: org.springframework.beans.factory.BeanCreationException: Error creating bean with name 'entityManagerFactory' defined in class path resource [org/springframework/boot/autoconfigure/orm/jpa/HibernateJpaConfiguration.class]: Failed to initialize dependency 'flywayInitializer' of LoadTimeWeaverAware bean 'entityManagerFactory': Error creating bean with name 'flywayInitializer' defined in class path resource [org/springframework/boot/autoconfigure/flyway/FlywayAutoConfiguration$FlywayConfiguration.class]: Validate failed: Migrations have failed validation
Migration checksum mismatch for migration version 2
-> Applied to database : -1002968627
-> Resolved locally    : -633079767
Either revert the changes to the migration, or run repair to update the schema history.
Need more flexibility with validation rules? Learn more: https://rd.gt/3AbJUZE
2026-05-17 18:07:18,839 INFO c.z.h.HikariDataSource [main] HikariPool-1 - Shutdown initiated...
2026-05-17 18:07:18,908 INFO c.z.h.HikariDataSource [main] HikariPool-1 - Shutdown completed.
2026-05-17 18:07:18,919 INFO o.s.b.a.l.ConditionEvaluationReportLogger [main] 

Error starting ApplicationContext. To display the condition evaluation report re-run your application with 'debug' enabled.
2026-05-17 18:07:18,935 ERROR o.s.b.SpringApplication [main] Application run failed
org.springframework.beans.factory.BeanCreationException: Error creating bean with name 'entityManagerFactory' defined in class path resource [org/springframework/boot/autoconfigure/orm/jpa/HibernateJpaConfiguration.class]: Failed to initialize dependency 'flywayInitializer' of LoadTimeWeaverAware bean 'entityManagerFactory': Error creating bean with name 'flywayInitializer' defined in class path resource [org/springframework/boot/autoconfigure/flyway/FlywayAutoConfiguration$FlywayConfiguration.class]: Validate failed: Migrations have failed validation
Migration checksum mismatch for migration version 2
-> Applied to database : -1002968627
-> Resolved locally    : -633079767
Either revert the changes to the migration, or run repair to update the schema history.
Need more flexibility with validation rules? Learn more: https://rd.gt/3AbJUZE
	at org.springframework.beans.factory.support.AbstractBeanFactory.doGetBean(AbstractBeanFactory.java:326)
	at org.springframework.beans.factory.support.AbstractBeanFactory.getBean(AbstractBeanFactory.java:205)
	at org.springframework.context.support.AbstractApplicationContext.finishBeanFactoryInitialization(AbstractApplicationContext.java:952)
	at org.springframework.context.support.AbstractApplicationContext.refresh(AbstractApplicationContext.java:624)
	at org.springframework.boot.SpringApplication.refresh(SpringApplication.java:754)
	at org.springframework.boot.SpringApplication.refreshContext(SpringApplication.java:456)
	at org.springframework.boot.SpringApplication.run(SpringApplication.java:335)
	at org.springframework.boot.test.context.SpringBootContextLoader.lambda$loadContext$3(SpringBootContextLoader.java:137)
	at org.springframework.util.function.ThrowingSupplier.get(ThrowingSupplier.java:58)
	at org.springframework.util.function.ThrowingSupplier.get(ThrowingSupplier.java:46)
	at org.springframework.boot.SpringApplication.withHook(SpringApplication.java:1463)
	at org.springframework.boot.test.context.SpringBootContextLoader$ContextLoaderHook.run(SpringBootContextLoader.java:553)
	at org.springframework.boot.test.context.SpringBootContextLoader.loadContext(SpringBootContextLoader.java:137)
	at org.springframework.boot.test.context.SpringBootContextLoader.loadContext(SpringBootContextLoader.java:108)
	at org.springframework.test.context.cache.DefaultCacheAwareContextLoaderDelegate.loadContextInternal(DefaultCacheAwareContextLoaderDelegate.java:225)
	at org.springframework.test.context.cache.DefaultCacheAwareContextLoaderDelegate.loadContext(DefaultCacheAwareContextLoaderDelegate.java:152)
	at org.springframework.test.context.support.DefaultTestContext.getApplicationContext(DefaultTestContext.java:130)
	at org.springframework.test.context.web.ServletTestExecutionListener.setUpRequestContextIfNecessary(ServletTestExecutionListener.java:191)
	at org.springframework.test.context.web.ServletTestExecutionListener.prepareTestInstance(ServletTestExecutionListener.java:130)
	at org.springframework.test.context.TestContextManager.prepareTestInstance(TestContextManager.java:260)
	at org.springframework.test.context.junit.jupiter.SpringExtension.postProcessTestInstance(SpringExtension.java:163)
	at org.junit.jupiter.engine.descriptor.ClassBasedTestDescriptor.lambda$invokeTestInstancePostProcessors$10(ClassBasedTestDescriptor.java:378)
	at org.junit.jupiter.engine.descriptor.ClassBasedTestDescriptor.executeAndMaskThrowable(ClassBasedTestDescriptor.java:383)
	at org.junit.jupiter.engine.descriptor.ClassBasedTestDescriptor.lambda$invokeTestInstancePostProcessors$11(ClassBasedTestDescriptor.java:378)
	at java.base/java.util.stream.ReferencePipeline$3$1.accept(ReferencePipeline.java:197)
	at java.base/java.util.stream.ReferencePipeline$2$1.accept(ReferencePipeline.java:179)
	at java.base/java.util.ArrayList$ArrayListSpliterator.forEachRemaining(ArrayList.java:1708)
	at java.base/java.util.stream.AbstractPipeline.copyInto(AbstractPipeline.java:509)
	at java.base/java.util.stream.AbstractPipeline.wrapAndCopyInto(AbstractPipeline.java:499)
	at java.base/java.util.stream.StreamSpliterators$WrappingSpliterator.forEachRemaining(StreamSpliterators.java:310)
	at java.base/java.util.stream.Streams$ConcatSpliterator.forEachRemaining(Streams.java:735)
	at java.base/java.util.stream.Streams$ConcatSpliterator.forEachRemaining(Streams.java:734)
	at java.base/java.util.stream.ReferencePipeline$Head.forEach(ReferencePipeline.java:762)
	at org.junit.jupiter.engine.descriptor.ClassBasedTestDescriptor.invokeTestInstancePostProcessors(ClassBasedTestDescriptor.java:377)
	at org.junit.jupiter.engine.descriptor.ClassBasedTestDescriptor.lambda$instantiateAndPostProcessTestInstance$6(ClassBasedTestDescriptor.java:290)
	at org.junit.platform.engine.support.hierarchical.ThrowableCollector.execute(ThrowableCollector.java:73)
	at org.junit.jupiter.engine.descriptor.ClassBasedTestDescriptor.instantiateAndPostProcessTestInstance(ClassBasedTestDescriptor.java:289)
	at org.junit.jupiter.engine.descriptor.ClassBasedTestDescriptor.lambda$testInstancesProvider$4(ClassBasedTestDescriptor.java:279)
	at java.base/java.util.Optional.orElseGet(Optional.java:364)
	at org.junit.jupiter.engine.descriptor.ClassBasedTestDescriptor.lambda$testInstancesProvider$5(ClassBasedTestDescriptor.java:278)
	at org.junit.jupiter.engine.execution.TestInstancesProvider.getTestInstances(TestInstancesProvider.java:31)
	at org.junit.jupiter.engine.descriptor.TestMethodTestDescriptor.lambda$prepare$0(TestMethodTestDescriptor.java:106)
	at org.junit.platform.engine.support.hierarchical.ThrowableCollector.execute(ThrowableCollector.java:73)
	at org.junit.jupiter.engine.descriptor.TestMethodTestDescriptor.prepare(TestMethodTestDescriptor.java:105)
	at org.junit.jupiter.engine.descriptor.TestMethodTestDescriptor.prepare(TestMethodTestDescriptor.java:69)
	at org.junit.platform.engine.support.hierarchical.NodeTestTask.lambda$prepare$2(NodeTestTask.java:123)
	at org.junit.platform.engine.support.hierarchical.ThrowableCollector.execute(ThrowableCollector.java:73)
	at org.junit.platform.engine.support.hierarchical.NodeTestTask.prepare(NodeTestTask.java:123)
	at org.junit.platform.engine.support.hierarchical.NodeTestTask.execute(NodeTestTask.java:90)
	at java.base/java.util.ArrayList.forEach(ArrayList.java:1596)
	at org.junit.platform.engine.support.hierarchical.SameThreadHierarchicalTestExecutorService.invokeAll(SameThreadHierarchicalTestExecutorService.java:41)
	at org.junit.platform.engine.support.hierarchical.NodeTestTask.lambda$executeRecursively$6(NodeTestTask.java:155)
	at org.junit.platform.engine.support.hierarchical.ThrowableCollector.execute(ThrowableCollector.java:73)
	at org.junit.platform.engine.support.hierarchical.NodeTestTask.lambda$executeRecursively$8(NodeTestTask.java:141)
	at org.junit.platform.engine.support.hierarchical.Node.around(Node.java:137)
	at org.junit.platform.engine.support.hierarchical.NodeTestTask.lambda$executeRecursively$9(NodeTestTask.java:139)
	at org.junit.platform.engine.support.hierarchical.ThrowableCollector.execute(ThrowableCollector.java:73)
	at org.junit.platform.engine.support.hierarchical.NodeTestTask.executeRecursively(NodeTestTask.java:138)
	at org.junit.platform.engine.support.hierarchical.NodeTestTask.execute(NodeTestTask.java:95)
	at java.base/java.util.ArrayList.forEach(ArrayList.java:1596)
	at org.junit.platform.engine.support.hierarchical.SameThreadHierarchicalTestExecutorService.invokeAll(SameThreadHierarchicalTestExecutorService.java:41)
	at org.junit.platform.engine.support.hierarchical.NodeTestTask.lambda$executeRecursively$6(NodeTestTask.java:155)
	at org.junit.platform.engine.support.hierarchical.ThrowableCollector.execute(ThrowableCollector.java:73)
	at org.junit.platform.engine.support.hierarchical.NodeTestTask.lambda$executeRecursively$8(NodeTestTask.java:141)
	at org.junit.platform.engine.support.hierarchical.Node.around(Node.java:137)
	at org.junit.platform.engine.support.hierarchical.NodeTestTask.lambda$executeRecursively$9(NodeTestTask.java:139)
	at org.junit.platform.engine.support.hierarchical.ThrowableCollector.execute(ThrowableCollector.java:73)
	at org.junit.platform.engine.support.hierarchical.NodeTestTask.executeRecursively(NodeTestTask.java:138)
	at org.junit.platform.engine.support.hierarchical.NodeTestTask.execute(NodeTestTask.java:95)
	at org.junit.platform.engine.support.hierarchical.SameThreadHierarchicalTestExecutorService.submit(SameThreadHierarchicalTestExecutorService.java:35)
	at org.junit.platform.engine.support.hierarchical.HierarchicalTestExecutor.execute(HierarchicalTestExecutor.java:57)
	at org.junit.platform.engine.support.hierarchical.HierarchicalTestEngine.execute(HierarchicalTestEngine.java:54)
	at org.junit.platform.launcher.core.EngineExecutionOrchestrator.execute(EngineExecutionOrchestrator.java:198)
	at org.junit.platform.launcher.core.EngineExecutionOrchestrator.execute(EngineExecutionOrchestrator.java:169)
	at org.junit.platform.launcher.core.EngineExecutionOrchestrator.execute(EngineExecutionOrchestrator.java:93)
	at org.junit.platform.launcher.core.EngineExecutionOrchestrator.lambda$execute$0(EngineExecutionOrchestrator.java:58)
	at org.junit.platform.launcher.core.EngineExecutionOrchestrator.withInterceptedStreams(EngineExecutionOrchestrator.java:141)
	at org.junit.platform.launcher.core.EngineExecutionOrchestrator.execute(EngineExecutionOrchestrator.java:57)
	at org.junit.platform.launcher.core.DefaultLauncher.execute(DefaultLauncher.java:103)
	at org.junit.platform.launcher.core.DefaultLauncher.execute(DefaultLauncher.java:85)
	at org.junit.platform.launcher.core.DelegatingLauncher.execute(DelegatingLauncher.java:47)
	at org.apache.maven.surefire.junitplatform.LazyLauncher.execute(LazyLauncher.java:56)
	at org.apache.maven.surefire.junitplatform.JUnitPlatformProvider.execute(JUnitPlatformProvider.java:184)
	at org.apache.maven.surefire.junitplatform.JUnitPlatformProvider.invokeAllTests(JUnitPlatformProvider.java:148)
	at org.apache.maven.surefire.junitplatform.JUnitPlatformProvider.invoke(JUnitPlatformProvider.java:122)
	at org.apache.maven.surefire.booter.ForkedBooter.runSuitesInProcess(ForkedBooter.java:385)
	at org.apache.maven.surefire.booter.ForkedBooter.execute(ForkedBooter.java:162)
	at org.apache.maven.surefire.booter.ForkedBooter.run(ForkedBooter.java:507)
	at org.apache.maven.surefire.booter.ForkedBooter.main(ForkedBooter.java:495)
Caused by: org.springframework.beans.factory.BeanCreationException: Error creating bean with name 'flywayInitializer' defined in class path resource [org/springframework/boot/autoconfigure/flyway/FlywayAutoConfiguration$FlywayConfiguration.class]: Validate failed: Migrations have failed validation
Migration checksum mismatch for migration version 2
-> Applied to database : -1002968627
-> Resolved locally    : -633079767
Either revert the changes to the migration, or run repair to update the schema history.
Need more flexibility with validation rules? Learn more: https://rd.gt/3AbJUZE
	at org.springframework.beans.factory.support.AbstractAutowireCapableBeanFactory.initializeBean(AbstractAutowireCapableBeanFactory.java:1788)
	at org.springframework.beans.factory.support.AbstractAutowireCapableBeanFactory.doCreateBean(AbstractAutowireCapableBeanFactory.java:600)
	at org.springframework.beans.factory.support.AbstractAutowireCapableBeanFactory.createBean(AbstractAutowireCapableBeanFactory.java:522)
	at org.springframework.beans.factory.support.AbstractBeanFactory.lambda$doGetBean$0(AbstractBeanFactory.java:337)
	at org.springframework.beans.factory.support.DefaultSingletonBeanRegistry.getSingleton(DefaultSingletonBeanRegistry.java:234)
	at org.springframework.beans.factory.support.AbstractBeanFactory.doGetBean(AbstractBeanFactory.java:335)
	at org.springframework.beans.factory.support.AbstractBeanFactory.getBean(AbstractBeanFactory.java:200)
	at org.springframework.beans.factory.support.AbstractBeanFactory.doGetBean(AbstractBeanFactory.java:313)
	... 88 common frames omitted
Caused by: org.flywaydb.core.api.exception.FlywayValidateException: Validate failed: Migrations have failed validation
Migration checksum mismatch for migration version 2
-> Applied to database : -1002968627
-> Resolved locally    : -633079767
Either revert the changes to the migration, or run repair to update the schema history.
Need more flexibility with validation rules? Learn more: https://rd.gt/3AbJUZE
	at org.flywaydb.core.Flyway.lambda$migrate$0(Flyway.java:160)
	at org.flywaydb.core.FlywayExecutor.execute(FlywayExecutor.java:205)
	at org.flywaydb.core.Flyway.migrate(Flyway.java:147)
	at org.springframework.boot.autoconfigure.flyway.FlywayMigrationInitializer.afterPropertiesSet(FlywayMigrationInitializer.java:66)
	at org.springframework.beans.factory.support.AbstractAutowireCapableBeanFactory.invokeInitMethods(AbstractAutowireCapableBeanFactory.java:1835)
	at org.springframework.beans.factory.support.AbstractAutowireCapableBeanFactory.initializeBean(AbstractAutowireCapableBeanFactory.java:1784)
	... 95 common frames omitted
2026-05-17 18:07:18,942 WARN o.s.t.c.TestContextManager [main] Caught exception while allowing TestExecutionListener [org.springframework.test.context.web.ServletTestExecutionListener] to prepare test instance [com.shinepublicschool.ShinePublicSchoolWebAppApplicationTests@67fd2e17]
java.lang.IllegalStateException: Failed to load ApplicationContext for [WebMergedContextConfiguration@35840ecc testClass = com.shinepublicschool.ShinePublicSchoolWebAppApplicationTests, locations = [], classes = [com.shinepublicschool.ShinePublicSchoolWebAppApplication], contextInitializerClasses = [], activeProfiles = [], propertySourceDescriptors = [], propertySourceProperties = ["org.springframework.boot.test.context.SpringBootTestContextBootstrapper=true"], contextCustomizers = [org.springframework.boot.test.context.filter.ExcludeFilterContextCustomizer@294e5088, org.springframework.boot.test.json.DuplicateJsonObjectContextCustomizerFactory$DuplicateJsonObjectContextCustomizer@31000e60, org.springframework.boot.test.mock.mockito.MockitoContextCustomizer@0, org.springframework.boot.test.web.client.TestRestTemplateContextCustomizer@64ba3208, org.springframework.boot.test.web.reactive.server.WebTestClientContextCustomizer@1d131e1b, org.springframework.boot.test.autoconfigure.actuate.observability.ObservabilityContextCustomizerFactory$DisableObservabilityContextCustomizer@1f, org.springframework.boot.test.autoconfigure.properties.PropertyMappingContextCustomizer@0, org.springframework.boot.test.autoconfigure.web.servlet.WebDriverContextCustomizer@4d722ac9, org.springframework.boot.test.context.SpringBootTestAnnotation@c557cb78], resourceBasePath = "src/main/webapp", contextLoader = org.springframework.boot.test.context.SpringBootContextLoader, parent = null]
	at org.springframework.test.context.cache.DefaultCacheAwareContextLoaderDelegate.loadContext(DefaultCacheAwareContextLoaderDelegate.java:180)
	at org.springframework.test.context.support.DefaultTestContext.getApplicationContext(DefaultTestContext.java:130)
	at org.springframework.test.context.web.ServletTestExecutionListener.setUpRequestContextIfNecessary(ServletTestExecutionListener.java:191)
	at org.springframework.test.context.web.ServletTestExecutionListener.prepareTestInstance(ServletTestExecutionListener.java:130)
	at org.springframework.test.context.TestContextManager.prepareTestInstance(TestContextManager.java:260)
	at org.springframework.test.context.junit.jupiter.SpringExtension.postProcessTestInstance(SpringExtension.java:163)
	at org.junit.jupiter.engine.descriptor.ClassBasedTestDescriptor.lambda$invokeTestInstancePostProcessors$10(ClassBasedTestDescriptor.java:378)
	at org.junit.jupiter.engine.descriptor.ClassBasedTestDescriptor.executeAndMaskThrowable(ClassBasedTestDescriptor.java:383)
	at org.junit.jupiter.engine.descriptor.ClassBasedTestDescriptor.lambda$invokeTestInstancePostProcessors$11(ClassBasedTestDescriptor.java:378)
	at java.base/java.util.stream.ReferencePipeline$3$1.accept(ReferencePipeline.java:197)
	at java.base/java.util.stream.ReferencePipeline$2$1.accept(ReferencePipeline.java:179)
	at java.base/java.util.ArrayList$ArrayListSpliterator.forEachRemaining(ArrayList.java:1708)
	at java.base/java.util.stream.AbstractPipeline.copyInto(AbstractPipeline.java:509)
	at java.base/java.util.stream.AbstractPipeline.wrapAndCopyInto(AbstractPipeline.java:499)
	at java.base/java.util.stream.StreamSpliterators$WrappingSpliterator.forEachRemaining(StreamSpliterators.java:310)
	at java.base/java.util.stream.Streams$ConcatSpliterator.forEachRemaining(Streams.java:735)
	at java.base/java.util.stream.Streams$ConcatSpliterator.forEachRemaining(Streams.java:734)
	at java.base/java.util.stream.ReferencePipeline$Head.forEach(ReferencePipeline.java:762)
	at org.junit.jupiter.engine.descriptor.ClassBasedTestDescriptor.invokeTestInstancePostProcessors(ClassBasedTestDescriptor.java:377)
	at org.junit.jupiter.engine.descriptor.ClassBasedTestDescriptor.lambda$instantiateAndPostProcessTestInstance$6(ClassBasedTestDescriptor.java:290)
	at org.junit.platform.engine.support.hierarchical.ThrowableCollector.execute(ThrowableCollector.java:73)
	at org.junit.jupiter.engine.descriptor.ClassBasedTestDescriptor.instantiateAndPostProcessTestInstance(ClassBasedTestDescriptor.java:289)
	at org.junit.jupiter.engine.descriptor.ClassBasedTestDescriptor.lambda$testInstancesProvider$4(ClassBasedTestDescriptor.java:279)
	at java.base/java.util.Optional.orElseGet(Optional.java:364)
	at org.junit.jupiter.engine.descriptor.ClassBasedTestDescriptor.lambda$testInstancesProvider$5(ClassBasedTestDescriptor.java:278)
	at org.junit.jupiter.engine.execution.TestInstancesProvider.getTestInstances(TestInstancesProvider.java:31)
	at org.junit.jupiter.engine.descriptor.TestMethodTestDescriptor.lambda$prepare$0(TestMethodTestDescriptor.java:106)
	at org.junit.platform.engine.support.hierarchical.ThrowableCollector.execute(ThrowableCollector.java:73)
	at org.junit.jupiter.engine.descriptor.TestMethodTestDescriptor.prepare(TestMethodTestDescriptor.java:105)
	at org.junit.jupiter.engine.descriptor.TestMethodTestDescriptor.prepare(TestMethodTestDescriptor.java:69)
	at org.junit.platform.engine.support.hierarchical.NodeTestTask.lambda$prepare$2(NodeTestTask.java:123)
	at org.junit.platform.engine.support.hierarchical.ThrowableCollector.execute(ThrowableCollector.java:73)
	at org.junit.platform.engine.support.hierarchical.NodeTestTask.prepare(NodeTestTask.java:123)
	at org.junit.platform.engine.support.hierarchical.NodeTestTask.execute(NodeTestTask.java:90)
	at java.base/java.util.ArrayList.forEach(ArrayList.java:1596)
	at org.junit.platform.engine.support.hierarchical.SameThreadHierarchicalTestExecutorService.invokeAll(SameThreadHierarchicalTestExecutorService.java:41)
	at org.junit.platform.engine.support.hierarchical.NodeTestTask.lambda$executeRecursively$6(NodeTestTask.java:155)
	at org.junit.platform.engine.support.hierarchical.ThrowableCollector.execute(ThrowableCollector.java:73)
	at org.junit.platform.engine.support.hierarchical.NodeTestTask.lambda$executeRecursively$8(NodeTestTask.java:141)
	at org.junit.platform.engine.support.hierarchical.Node.around(Node.java:137)
	at org.junit.platform.engine.support.hierarchical.NodeTestTask.lambda$executeRecursively$9(NodeTestTask.java:139)
	at org.junit.platform.engine.support.hierarchical.ThrowableCollector.execute(ThrowableCollector.java:73)
	at org.junit.platform.engine.support.hierarchical.NodeTestTask.executeRecursively(NodeTestTask.java:138)
	at org.junit.platform.engine.support.hierarchical.NodeTestTask.execute(NodeTestTask.java:95)
	at java.base/java.util.ArrayList.forEach(ArrayList.java:1596)
	at org.junit.platform.engine.support.hierarchical.SameThreadHierarchicalTestExecutorService.invokeAll(SameThreadHierarchicalTestExecutorService.java:41)
	at org.junit.platform.engine.support.hierarchical.NodeTestTask.lambda$executeRecursively$6(NodeTestTask.java:155)
	at org.junit.platform.engine.support.hierarchical.ThrowableCollector.execute(ThrowableCollector.java:73)
	at org.junit.platform.engine.support.hierarchical.NodeTestTask.lambda$executeRecursively$8(NodeTestTask.java:141)
	at org.junit.platform.engine.support.hierarchical.Node.around(Node.java:137)
	at org.junit.platform.engine.support.hierarchical.NodeTestTask.lambda$executeRecursively$9(NodeTestTask.java:139)
	at org.junit.platform.engine.support.hierarchical.ThrowableCollector.execute(ThrowableCollector.java:73)
	at org.junit.platform.engine.support.hierarchical.NodeTestTask.executeRecursively(NodeTestTask.java:138)
	at org.junit.platform.engine.support.hierarchical.NodeTestTask.execute(NodeTestTask.java:95)
	at org.junit.platform.engine.support.hierarchical.SameThreadHierarchicalTestExecutorService.submit(SameThreadHierarchicalTestExecutorService.java:35)
	at org.junit.platform.engine.support.hierarchical.HierarchicalTestExecutor.execute(HierarchicalTestExecutor.java:57)
	at org.junit.platform.engine.support.hierarchical.HierarchicalTestEngine.execute(HierarchicalTestEngine.java:54)
	at org.junit.platform.launcher.core.EngineExecutionOrchestrator.execute(EngineExecutionOrchestrator.java:198)
	at org.junit.platform.launcher.core.EngineExecutionOrchestrator.execute(EngineExecutionOrchestrator.java:169)
	at org.junit.platform.launcher.core.EngineExecutionOrchestrator.execute(EngineExecutionOrchestrator.java:93)
	at org.junit.platform.launcher.core.EngineExecutionOrchestrator.lambda$execute$0(EngineExecutionOrchestrator.java:58)
	at org.junit.platform.launcher.core.EngineExecutionOrchestrator.withInterceptedStreams(EngineExecutionOrchestrator.java:141)
	at org.junit.platform.launcher.core.EngineExecutionOrchestrator.execute(EngineExecutionOrchestrator.java:57)
	at org.junit.platform.launcher.core.DefaultLauncher.execute(DefaultLauncher.java:103)
	at org.junit.platform.launcher.core.DefaultLauncher.execute(DefaultLauncher.java:85)
	at org.junit.platform.launcher.core.DelegatingLauncher.execute(DelegatingLauncher.java:47)
	at org.apache.maven.surefire.junitplatform.LazyLauncher.execute(LazyLauncher.java:56)
	at org.apache.maven.surefire.junitplatform.JUnitPlatformProvider.execute(JUnitPlatformProvider.java:184)
	at org.apache.maven.surefire.junitplatform.JUnitPlatformProvider.invokeAllTests(JUnitPlatformProvider.java:148)
	at org.apache.maven.surefire.junitplatform.JUnitPlatformProvider.invoke(JUnitPlatformProvider.java:122)
	at org.apache.maven.surefire.booter.ForkedBooter.runSuitesInProcess(ForkedBooter.java:385)
	at org.apache.maven.surefire.booter.ForkedBooter.execute(ForkedBooter.java:162)
	at org.apache.maven.surefire.booter.ForkedBooter.run(ForkedBooter.java:507)
	at org.apache.maven.surefire.booter.ForkedBooter.main(ForkedBooter.java:495)
Caused by: org.springframework.beans.factory.BeanCreationException: Error creating bean with name 'entityManagerFactory' defined in class path resource [org/springframework/boot/autoconfigure/orm/jpa/HibernateJpaConfiguration.class]: Failed to initialize dependency 'flywayInitializer' of LoadTimeWeaverAware bean 'entityManagerFactory': Error creating bean with name 'flywayInitializer' defined in class path resource [org/springframework/boot/autoconfigure/flyway/FlywayAutoConfiguration$FlywayConfiguration.class]: Validate failed: Migrations have failed validation
Migration checksum mismatch for migration version 2
-> Applied to database : -1002968627
-> Resolved locally    : -633079767
Either revert the changes to the migration, or run repair to update the schema history.
Need more flexibility with validation rules? Learn more: https://rd.gt/3AbJUZE
	at org.springframework.beans.factory.support.AbstractBeanFactory.doGetBean(AbstractBeanFactory.java:326)
	at org.springframework.beans.factory.support.AbstractBeanFactory.getBean(AbstractBeanFactory.java:205)
	at org.springframework.context.support.AbstractApplicationContext.finishBeanFactoryInitialization(AbstractApplicationContext.java:952)
	at org.springframework.context.support.AbstractApplicationContext.refresh(AbstractApplicationContext.java:624)
	at org.springframework.boot.SpringApplication.refresh(SpringApplication.java:754)
	at org.springframework.boot.SpringApplication.refreshContext(SpringApplication.java:456)
	at org.springframework.boot.SpringApplication.run(SpringApplication.java:335)
	at org.springframework.boot.test.context.SpringBootContextLoader.lambda$loadContext$3(SpringBootContextLoader.java:137)
	at org.springframework.util.function.ThrowingSupplier.get(ThrowingSupplier.java:58)
	at org.springframework.util.function.ThrowingSupplier.get(ThrowingSupplier.java:46)
	at org.springframework.boot.SpringApplication.withHook(SpringApplication.java:1463)
	at org.springframework.boot.test.context.SpringBootContextLoader$ContextLoaderHook.run(SpringBootContextLoader.java:553)
	at org.springframework.boot.test.context.SpringBootContextLoader.loadContext(SpringBootContextLoader.java:137)
	at org.springframework.boot.test.context.SpringBootContextLoader.loadContext(SpringBootContextLoader.java:108)
	at org.springframework.test.context.cache.DefaultCacheAwareContextLoaderDelegate.loadContextInternal(DefaultCacheAwareContextLoaderDelegate.java:225)
	at org.springframework.test.context.cache.DefaultCacheAwareContextLoaderDelegate.loadContext(DefaultCacheAwareContextLoaderDelegate.java:152)
	... 73 common frames omitted
Caused by: org.springframework.beans.factory.BeanCreationException: Error creating bean with name 'flywayInitializer' defined in class path resource [org/springframework/boot/autoconfigure/flyway/FlywayAutoConfiguration$FlywayConfiguration.class]: Validate failed: Migrations have failed validation
Migration checksum mismatch for migration version 2
-> Applied to database : -1002968627
-> Resolved locally    : -633079767
Either revert the changes to the migration, or run repair to update the schema history.
Need more flexibility with validation rules? Learn more: https://rd.gt/3AbJUZE
	at org.springframework.beans.factory.support.AbstractAutowireCapableBeanFactory.initializeBean(AbstractAutowireCapableBeanFactory.java:1788)
	at org.springframework.beans.factory.support.AbstractAutowireCapableBeanFactory.doCreateBean(AbstractAutowireCapableBeanFactory.java:600)
	at org.springframework.beans.factory.support.AbstractAutowireCapableBeanFactory.createBean(AbstractAutowireCapableBeanFactory.java:522)
	at org.springframework.beans.factory.support.AbstractBeanFactory.lambda$doGetBean$0(AbstractBeanFactory.java:337)
	at org.springframework.beans.factory.support.DefaultSingletonBeanRegistry.getSingleton(DefaultSingletonBeanRegistry.java:234)
	at org.springframework.beans.factory.support.AbstractBeanFactory.doGetBean(AbstractBeanFactory.java:335)
	at org.springframework.beans.factory.support.AbstractBeanFactory.getBean(AbstractBeanFactory.java:200)
	at org.springframework.beans.factory.support.AbstractBeanFactory.doGetBean(AbstractBeanFactory.java:313)
	... 88 common frames omitted
Caused by: org.flywaydb.core.api.exception.FlywayValidateException: Validate failed: Migrations have failed validation
Migration checksum mismatch for migration version 2
-> Applied to database : -1002968627
-> Resolved locally    : -633079767
Either revert the changes to the migration, or run repair to update the schema history.
Need more flexibility with validation rules? Learn more: https://rd.gt/3AbJUZE
	at org.flywaydb.core.Flyway.lambda$migrate$0(Flyway.java:160)
	at org.flywaydb.core.FlywayExecutor.execute(FlywayExecutor.java:205)
	at org.flywaydb.core.Flyway.migrate(Flyway.java:147)
	at org.springframework.boot.autoconfigure.flyway.FlywayMigrationInitializer.afterPropertiesSet(FlywayMigrationInitializer.java:66)
	at org.springframework.beans.factory.support.AbstractAutowireCapableBeanFactory.invokeInitMethods(AbstractAutowireCapableBeanFactory.java:1835)
	at org.springframework.beans.factory.support.AbstractAutowireCapableBeanFactory.initializeBean(AbstractAutowireCapableBeanFactory.java:1784)
	... 95 common frames omitted
2026-05-17 18:09:40,013 INFO o.s.t.c.s.AnnotationConfigContextLoaderUtils [main] Could not detect default configuration classes for test class [com.shinepublicschool.ShinePublicSchoolWebAppApplicationTests]: ShinePublicSchoolWebAppApplicationTests does not declare any static, non-private, non-final, nested classes annotated with @Configuration.
2026-05-17 18:09:40,122 INFO o.s.b.t.c.SpringBootTestContextBootstrapper [main] Found @SpringBootConfiguration com.shinepublicschool.ShinePublicSchoolWebAppApplication for test class com.shinepublicschool.ShinePublicSchoolWebAppApplicationTests
2026-05-17 18:09:40,229 INFO o.s.b.d.r.RestartApplicationListener [main] Restart disabled due to context in which it is running
2026-05-17 18:09:40,417 INFO o.h.v.i.u.Version [background-preinit] HV000001: Hibernate Validator 8.0.1.Final
2026-05-17 18:09:41,177 INFO o.s.d.r.c.RepositoryConfigurationDelegate [main] Bootstrapping Spring Data JPA repositories in DEFAULT mode.
2026-05-17 18:09:41,271 INFO o.s.d.r.c.RepositoryConfigurationDelegate [main] Finished Spring Data repository scanning in 89 ms. Found 7 JPA repository interfaces.
2026-05-17 18:09:41,960 INFO o.s.c.c.s.GenericScope [main] BeanFactory id=e4d78bc9-f1d7-37bb-aa72-a78d30131486
2026-05-17 18:09:42,365 WARN o.s.c.s.PostProcessorRegistrationDelegate$BeanPostProcessorChecker [main] Bean 'org.springframework.cloud.client.loadbalancer.LoadBalancerAutoConfiguration$DeferringLoadBalancerInterceptorConfig' of type [org.springframework.cloud.client.loadbalancer.LoadBalancerAutoConfiguration$DeferringLoadBalancerInterceptorConfig] is not eligible for getting processed by all BeanPostProcessors (for example: not eligible for auto-proxying). The currently created BeanPostProcessor [lbRestClientPostProcessor] is declared through a non-static factory method on that class; consider declaring it as static instead.
2026-05-17 18:09:42,369 WARN o.s.c.s.PostProcessorRegistrationDelegate$BeanPostProcessorChecker [main] Bean 'deferringLoadBalancerInterceptor' of type [org.springframework.cloud.client.loadbalancer.DeferringLoadBalancerInterceptor] is not eligible for getting processed by all BeanPostProcessors (for example: not eligible for auto-proxying). Is this bean getting eagerly injected into a currently created BeanPostProcessor [lbRestClientPostProcessor]? Check the corresponding BeanPostProcessor declaration and its dependencies.
2026-05-17 18:09:42,373 WARN o.s.c.s.PostProcessorRegistrationDelegate$BeanPostProcessorChecker [main] Bean 'org.springframework.cloud.client.loadbalancer.reactive.LoadBalancerBeanPostProcessorAutoConfiguration' of type [org.springframework.cloud.client.loadbalancer.reactive.LoadBalancerBeanPostProcessorAutoConfiguration] is not eligible for getting processed by all BeanPostProcessors (for example: not eligible for auto-proxying). The currently created BeanPostProcessor [loadBalancerWebClientBuilderBeanPostProcessor] is declared through a non-static factory method on that class; consider declaring it as static instead.
2026-05-17 18:09:42,376 WARN o.s.c.s.PostProcessorRegistrationDelegate$BeanPostProcessorChecker [main] Bean 'org.springframework.cloud.client.loadbalancer.reactive.LoadBalancerBeanPostProcessorAutoConfiguration$ReactorDeferringLoadBalancerFilterConfig' of type [org.springframework.cloud.client.loadbalancer.reactive.LoadBalancerBeanPostProcessorAutoConfiguration$ReactorDeferringLoadBalancerFilterConfig] is not eligible for getting processed by all BeanPostProcessors (for example: not eligible for auto-proxying). Is this bean getting eagerly injected into a currently created BeanPostProcessor [loadBalancerWebClientBuilderBeanPostProcessor]? Check the corresponding BeanPostProcessor declaration and its dependencies.
2026-05-17 18:09:42,378 WARN o.s.c.s.PostProcessorRegistrationDelegate$BeanPostProcessorChecker [main] Bean 'reactorDeferringLoadBalancerExchangeFilterFunction' of type [org.springframework.cloud.client.loadbalancer.reactive.DeferringLoadBalancerExchangeFilterFunction] is not eligible for getting processed by all BeanPostProcessors (for example: not eligible for auto-proxying). Is this bean getting eagerly injected into a currently created BeanPostProcessor [loadBalancerWebClientBuilderBeanPostProcessor]? Check the corresponding BeanPostProcessor declaration and its dependencies.
2026-05-17 18:09:42,663 INFO c.z.h.HikariDataSource [main] HikariPool-1 - Starting...
2026-05-17 18:09:42,995 INFO c.z.h.p.HikariPool [main] HikariPool-1 - Added connection com.mysql.cj.jdbc.ConnectionImpl@6694fb1b
2026-05-17 18:09:42,997 INFO c.z.h.HikariDataSource [main] HikariPool-1 - Start completed.
2026-05-17 18:09:43,051 INFO o.f.c.i.l.s.Slf4jLog [main] Database: jdbc:mysql://localhost:3306/shine_school (MySQL 8.4)
2026-05-17 18:09:43,072 WARN o.f.c.i.l.s.Slf4jLog [main] Flyway upgrade recommended: MySQL 8.4 is newer than this version of Flyway and support has not been tested. The latest supported version of MySQL is 8.1.
2026-05-17 18:09:43,144 WARN o.s.c.s.AbstractApplicationContext [main] Exception encountered during context initialization - cancelling refresh attempt: org.springframework.beans.factory.BeanCreationException: Error creating bean with name 'entityManagerFactory' defined in class path resource [org/springframework/boot/autoconfigure/orm/jpa/HibernateJpaConfiguration.class]: Failed to initialize dependency 'flywayInitializer' of LoadTimeWeaverAware bean 'entityManagerFactory': Error creating bean with name 'flywayInitializer' defined in class path resource [org/springframework/boot/autoconfigure/flyway/FlywayAutoConfiguration$FlywayConfiguration.class]: Validate failed: Migrations have failed validation
Migration checksum mismatch for migration version 2
-> Applied to database : -1002968627
-> Resolved locally    : -633079767
Either revert the changes to the migration, or run repair to update the schema history.
Need more flexibility with validation rules? Learn more: https://rd.gt/3AbJUZE
2026-05-17 18:09:43,145 INFO c.z.h.HikariDataSource [main] HikariPool-1 - Shutdown initiated...
2026-05-17 18:09:43,183 INFO c.z.h.HikariDataSource [main] HikariPool-1 - Shutdown completed.
2026-05-17 18:09:43,198 INFO o.s.b.a.l.ConditionEvaluationReportLogger [main] 

Error starting ApplicationContext. To display the condition evaluation report re-run your application with 'debug' enabled.
2026-05-17 18:09:43,213 ERROR o.s.b.SpringApplication [main] Application run failed
org.springframework.beans.factory.BeanCreationException: Error creating bean with name 'entityManagerFactory' defined in class path resource [org/springframework/boot/autoconfigure/orm/jpa/HibernateJpaConfiguration.class]: Failed to initialize dependency 'flywayInitializer' of LoadTimeWeaverAware bean 'entityManagerFactory': Error creating bean with name 'flywayInitializer' defined in class path resource [org/springframework/boot/autoconfigure/flyway/FlywayAutoConfiguration$FlywayConfiguration.class]: Validate failed: Migrations have failed validation
Migration checksum mismatch for migration version 2
-> Applied to database : -1002968627
-> Resolved locally    : -633079767
Either revert the changes to the migration, or run repair to update the schema history.
Need more flexibility with validation rules? Learn more: https://rd.gt/3AbJUZE
	at org.springframework.beans.factory.support.AbstractBeanFactory.doGetBean(AbstractBeanFactory.java:326)
	at org.springframework.beans.factory.support.AbstractBeanFactory.getBean(AbstractBeanFactory.java:205)
	at org.springframework.context.support.AbstractApplicationContext.finishBeanFactoryInitialization(AbstractApplicationContext.java:952)
	at org.springframework.context.support.AbstractApplicationContext.refresh(AbstractApplicationContext.java:624)
	at org.springframework.boot.SpringApplication.refresh(SpringApplication.java:754)
	at org.springframework.boot.SpringApplication.refreshContext(SpringApplication.java:456)
	at org.springframework.boot.SpringApplication.run(SpringApplication.java:335)
	at org.springframework.boot.test.context.SpringBootContextLoader.lambda$loadContext$3(SpringBootContextLoader.java:137)
	at org.springframework.util.function.ThrowingSupplier.get(ThrowingSupplier.java:58)
	at org.springframework.util.function.ThrowingSupplier.get(ThrowingSupplier.java:46)
	at org.springframework.boot.SpringApplication.withHook(SpringApplication.java:1463)
	at org.springframework.boot.test.context.SpringBootContextLoader$ContextLoaderHook.run(SpringBootContextLoader.java:553)
	at org.springframework.boot.test.context.SpringBootContextLoader.loadContext(SpringBootContextLoader.java:137)
	at org.springframework.boot.test.context.SpringBootContextLoader.loadContext(SpringBootContextLoader.java:108)
	at org.springframework.test.context.cache.DefaultCacheAwareContextLoaderDelegate.loadContextInternal(DefaultCacheAwareContextLoaderDelegate.java:225)
	at org.springframework.test.context.cache.DefaultCacheAwareContextLoaderDelegate.loadContext(DefaultCacheAwareContextLoaderDelegate.java:152)
	at org.springframework.test.context.support.DefaultTestContext.getApplicationContext(DefaultTestContext.java:130)
	at org.springframework.test.context.web.ServletTestExecutionListener.setUpRequestContextIfNecessary(ServletTestExecutionListener.java:191)
	at org.springframework.test.context.web.ServletTestExecutionListener.prepareTestInstance(ServletTestExecutionListener.java:130)
	at org.springframework.test.context.TestContextManager.prepareTestInstance(TestContextManager.java:260)
	at org.springframework.test.context.junit.jupiter.SpringExtension.postProcessTestInstance(SpringExtension.java:163)
	at org.junit.jupiter.engine.descriptor.ClassBasedTestDescriptor.lambda$invokeTestInstancePostProcessors$10(ClassBasedTestDescriptor.java:378)
	at org.junit.jupiter.engine.descriptor.ClassBasedTestDescriptor.executeAndMaskThrowable(ClassBasedTestDescriptor.java:383)
	at org.junit.jupiter.engine.descriptor.ClassBasedTestDescriptor.lambda$invokeTestInstancePostProcessors$11(ClassBasedTestDescriptor.java:378)
	at java.base/java.util.stream.ReferencePipeline$3$1.accept(ReferencePipeline.java:197)
	at java.base/java.util.stream.ReferencePipeline$2$1.accept(ReferencePipeline.java:179)
	at java.base/java.util.ArrayList$ArrayListSpliterator.forEachRemaining(ArrayList.java:1708)
	at java.base/java.util.stream.AbstractPipeline.copyInto(AbstractPipeline.java:509)
	at java.base/java.util.stream.AbstractPipeline.wrapAndCopyInto(AbstractPipeline.java:499)
	at java.base/java.util.stream.StreamSpliterators$WrappingSpliterator.forEachRemaining(StreamSpliterators.java:310)
	at java.base/java.util.stream.Streams$ConcatSpliterator.forEachRemaining(Streams.java:735)
	at java.base/java.util.stream.Streams$ConcatSpliterator.forEachRemaining(Streams.java:734)
	at java.base/java.util.stream.ReferencePipeline$Head.forEach(ReferencePipeline.java:762)
	at org.junit.jupiter.engine.descriptor.ClassBasedTestDescriptor.invokeTestInstancePostProcessors(ClassBasedTestDescriptor.java:377)
	at org.junit.jupiter.engine.descriptor.ClassBasedTestDescriptor.lambda$instantiateAndPostProcessTestInstance$6(ClassBasedTestDescriptor.java:290)
	at org.junit.platform.engine.support.hierarchical.ThrowableCollector.execute(ThrowableCollector.java:73)
	at org.junit.jupiter.engine.descriptor.ClassBasedTestDescriptor.instantiateAndPostProcessTestInstance(ClassBasedTestDescriptor.java:289)
	at org.junit.jupiter.engine.descriptor.ClassBasedTestDescriptor.lambda$testInstancesProvider$4(ClassBasedTestDescriptor.java:279)
	at java.base/java.util.Optional.orElseGet(Optional.java:364)
	at org.junit.jupiter.engine.descriptor.ClassBasedTestDescriptor.lambda$testInstancesProvider$5(ClassBasedTestDescriptor.java:278)
	at org.junit.jupiter.engine.execution.TestInstancesProvider.getTestInstances(TestInstancesProvider.java:31)
	at org.junit.jupiter.engine.descriptor.TestMethodTestDescriptor.lambda$prepare$0(TestMethodTestDescriptor.java:106)
	at org.junit.platform.engine.support.hierarchical.ThrowableCollector.execute(ThrowableCollector.java:73)
	at org.junit.jupiter.engine.descriptor.TestMethodTestDescriptor.prepare(TestMethodTestDescriptor.java:105)
	at org.junit.jupiter.engine.descriptor.TestMethodTestDescriptor.prepare(TestMethodTestDescriptor.java:69)
	at org.junit.platform.engine.support.hierarchical.NodeTestTask.lambda$prepare$2(NodeTestTask.java:123)
	at org.junit.platform.engine.support.hierarchical.ThrowableCollector.execute(ThrowableCollector.java:73)
	at org.junit.platform.engine.support.hierarchical.NodeTestTask.prepare(NodeTestTask.java:123)
	at org.junit.platform.engine.support.hierarchical.NodeTestTask.execute(NodeTestTask.java:90)
	at java.base/java.util.ArrayList.forEach(ArrayList.java:1596)
	at org.junit.platform.engine.support.hierarchical.SameThreadHierarchicalTestExecutorService.invokeAll(SameThreadHierarchicalTestExecutorService.java:41)
	at org.junit.platform.engine.support.hierarchical.NodeTestTask.lambda$executeRecursively$6(NodeTestTask.java:155)
	at org.junit.platform.engine.support.hierarchical.ThrowableCollector.execute(ThrowableCollector.java:73)
	at org.junit.platform.engine.support.hierarchical.NodeTestTask.lambda$executeRecursively$8(NodeTestTask.java:141)
	at org.junit.platform.engine.support.hierarchical.Node.around(Node.java:137)
	at org.junit.platform.engine.support.hierarchical.NodeTestTask.lambda$executeRecursively$9(NodeTestTask.java:139)
	at org.junit.platform.engine.support.hierarchical.ThrowableCollector.execute(ThrowableCollector.java:73)
	at org.junit.platform.engine.support.hierarchical.NodeTestTask.executeRecursively(NodeTestTask.java:138)
	at org.junit.platform.engine.support.hierarchical.NodeTestTask.execute(NodeTestTask.java:95)
	at java.base/java.util.ArrayList.forEach(ArrayList.java:1596)
	at org.junit.platform.engine.support.hierarchical.SameThreadHierarchicalTestExecutorService.invokeAll(SameThreadHierarchicalTestExecutorService.java:41)
	at org.junit.platform.engine.support.hierarchical.NodeTestTask.lambda$executeRecursively$6(NodeTestTask.java:155)
	at org.junit.platform.engine.support.hierarchical.ThrowableCollector.execute(ThrowableCollector.java:73)
	at org.junit.platform.engine.support.hierarchical.NodeTestTask.lambda$executeRecursively$8(NodeTestTask.java:141)
	at org.junit.platform.engine.support.hierarchical.Node.around(Node.java:137)
	at org.junit.platform.engine.support.hierarchical.NodeTestTask.lambda$executeRecursively$9(NodeTestTask.java:139)
	at org.junit.platform.engine.support.hierarchical.ThrowableCollector.execute(ThrowableCollector.java:73)
	at org.junit.platform.engine.support.hierarchical.NodeTestTask.executeRecursively(NodeTestTask.java:138)
	at org.junit.platform.engine.support.hierarchical.NodeTestTask.execute(NodeTestTask.java:95)
	at org.junit.platform.engine.support.hierarchical.SameThreadHierarchicalTestExecutorService.submit(SameThreadHierarchicalTestExecutorService.java:35)
	at org.junit.platform.engine.support.hierarchical.HierarchicalTestExecutor.execute(HierarchicalTestExecutor.java:57)
	at org.junit.platform.engine.support.hierarchical.HierarchicalTestEngine.execute(HierarchicalTestEngine.java:54)
	at org.junit.platform.launcher.core.EngineExecutionOrchestrator.execute(EngineExecutionOrchestrator.java:198)
	at org.junit.platform.launcher.core.EngineExecutionOrchestrator.execute(EngineExecutionOrchestrator.java:169)
	at org.junit.platform.launcher.core.EngineExecutionOrchestrator.execute(EngineExecutionOrchestrator.java:93)
	at org.junit.platform.launcher.core.EngineExecutionOrchestrator.lambda$execute$0(EngineExecutionOrchestrator.java:58)
	at org.junit.platform.launcher.core.EngineExecutionOrchestrator.withInterceptedStreams(EngineExecutionOrchestrator.java:141)
	at org.junit.platform.launcher.core.EngineExecutionOrchestrator.execute(EngineExecutionOrchestrator.java:57)
	at org.junit.platform.launcher.core.DefaultLauncher.execute(DefaultLauncher.java:103)
	at org.junit.platform.launcher.core.DefaultLauncher.execute(DefaultLauncher.java:85)
	at org.junit.platform.launcher.core.DelegatingLauncher.execute(DelegatingLauncher.java:47)
	at org.apache.maven.surefire.junitplatform.LazyLauncher.execute(LazyLauncher.java:56)
	at org.apache.maven.surefire.junitplatform.JUnitPlatformProvider.execute(JUnitPlatformProvider.java:184)
	at org.apache.maven.surefire.junitplatform.JUnitPlatformProvider.invokeAllTests(JUnitPlatformProvider.java:148)
	at org.apache.maven.surefire.junitplatform.JUnitPlatformProvider.invoke(JUnitPlatformProvider.java:122)
	at org.apache.maven.surefire.booter.ForkedBooter.runSuitesInProcess(ForkedBooter.java:385)
	at org.apache.maven.surefire.booter.ForkedBooter.execute(ForkedBooter.java:162)
	at org.apache.maven.surefire.booter.ForkedBooter.run(ForkedBooter.java:507)
	at org.apache.maven.surefire.booter.ForkedBooter.main(ForkedBooter.java:495)
Caused by: org.springframework.beans.factory.BeanCreationException: Error creating bean with name 'flywayInitializer' defined in class path resource [org/springframework/boot/autoconfigure/flyway/FlywayAutoConfiguration$FlywayConfiguration.class]: Validate failed: Migrations have failed validation
Migration checksum mismatch for migration version 2
-> Applied to database : -1002968627
-> Resolved locally    : -633079767
Either revert the changes to the migration, or run repair to update the schema history.
Need more flexibility with validation rules? Learn more: https://rd.gt/3AbJUZE
	at org.springframework.beans.factory.support.AbstractAutowireCapableBeanFactory.initializeBean(AbstractAutowireCapableBeanFactory.java:1788)
	at org.springframework.beans.factory.support.AbstractAutowireCapableBeanFactory.doCreateBean(AbstractAutowireCapableBeanFactory.java:600)
	at org.springframework.beans.factory.support.AbstractAutowireCapableBeanFactory.createBean(AbstractAutowireCapableBeanFactory.java:522)
	at org.springframework.beans.factory.support.AbstractBeanFactory.lambda$doGetBean$0(AbstractBeanFactory.java:337)
	at org.springframework.beans.factory.support.DefaultSingletonBeanRegistry.getSingleton(DefaultSingletonBeanRegistry.java:234)
	at org.springframework.beans.factory.support.AbstractBeanFactory.doGetBean(AbstractBeanFactory.java:335)
	at org.springframework.beans.factory.support.AbstractBeanFactory.getBean(AbstractBeanFactory.java:200)
	at org.springframework.beans.factory.support.AbstractBeanFactory.doGetBean(AbstractBeanFactory.java:313)
	... 88 common frames omitted
Caused by: org.flywaydb.core.api.exception.FlywayValidateException: Validate failed: Migrations have failed validation
Migration checksum mismatch for migration version 2
-> Applied to database : -1002968627
-> Resolved locally    : -633079767
Either revert the changes to the migration, or run repair to update the schema history.
Need more flexibility with validation rules? Learn more: https://rd.gt/3AbJUZE
	at org.flywaydb.core.Flyway.lambda$migrate$0(Flyway.java:160)
	at org.flywaydb.core.FlywayExecutor.execute(FlywayExecutor.java:205)
	at org.flywaydb.core.Flyway.migrate(Flyway.java:147)
	at org.springframework.boot.autoconfigure.flyway.FlywayMigrationInitializer.afterPropertiesSet(FlywayMigrationInitializer.java:66)
	at org.springframework.beans.factory.support.AbstractAutowireCapableBeanFactory.invokeInitMethods(AbstractAutowireCapableBeanFactory.java:1835)
	at org.springframework.beans.factory.support.AbstractAutowireCapableBeanFactory.initializeBean(AbstractAutowireCapableBeanFactory.java:1784)
	... 95 common frames omitted
2026-05-17 18:09:43,222 WARN o.s.t.c.TestContextManager [main] Caught exception while allowing TestExecutionListener [org.springframework.test.context.web.ServletTestExecutionListener] to prepare test instance [com.shinepublicschool.ShinePublicSchoolWebAppApplicationTests@15ce261]
java.lang.IllegalStateException: Failed to load ApplicationContext for [WebMergedContextConfiguration@66596c4c testClass = com.shinepublicschool.ShinePublicSchoolWebAppApplicationTests, locations = [], classes = [com.shinepublicschool.ShinePublicSchoolWebAppApplication], contextInitializerClasses = [], activeProfiles = [], propertySourceDescriptors = [], propertySourceProperties = ["org.springframework.boot.test.context.SpringBootTestContextBootstrapper=true"], contextCustomizers = [org.springframework.boot.test.context.filter.ExcludeFilterContextCustomizer@294e5088, org.springframework.boot.test.json.DuplicateJsonObjectContextCustomizerFactory$DuplicateJsonObjectContextCustomizer@31000e60, org.springframework.boot.test.mock.mockito.MockitoContextCustomizer@0, org.springframework.boot.test.web.client.TestRestTemplateContextCustomizer@64ba3208, org.springframework.boot.test.web.reactive.server.WebTestClientContextCustomizer@1d131e1b, org.springframework.boot.test.autoconfigure.actuate.observability.ObservabilityContextCustomizerFactory$DisableObservabilityContextCustomizer@1f, org.springframework.boot.test.autoconfigure.properties.PropertyMappingContextCustomizer@0, org.springframework.boot.test.autoconfigure.web.servlet.WebDriverContextCustomizer@4d722ac9, org.springframework.boot.test.context.SpringBootTestAnnotation@c557cb78], resourceBasePath = "src/main/webapp", contextLoader = org.springframework.boot.test.context.SpringBootContextLoader, parent = null]
	at org.springframework.test.context.cache.DefaultCacheAwareContextLoaderDelegate.loadContext(DefaultCacheAwareContextLoaderDelegate.java:180)
	at org.springframework.test.context.support.DefaultTestContext.getApplicationContext(DefaultTestContext.java:130)
	at org.springframework.test.context.web.ServletTestExecutionListener.setUpRequestContextIfNecessary(ServletTestExecutionListener.java:191)
	at org.springframework.test.context.web.ServletTestExecutionListener.prepareTestInstance(ServletTestExecutionListener.java:130)
	at org.springframework.test.context.TestContextManager.prepareTestInstance(TestContextManager.java:260)
	at org.springframework.test.context.junit.jupiter.SpringExtension.postProcessTestInstance(SpringExtension.java:163)
	at org.junit.jupiter.engine.descriptor.ClassBasedTestDescriptor.lambda$invokeTestInstancePostProcessors$10(ClassBasedTestDescriptor.java:378)
	at org.junit.jupiter.engine.descriptor.ClassBasedTestDescriptor.executeAndMaskThrowable(ClassBasedTestDescriptor.java:383)
	at org.junit.jupiter.engine.descriptor.ClassBasedTestDescriptor.lambda$invokeTestInstancePostProcessors$11(ClassBasedTestDescriptor.java:378)
	at java.base/java.util.stream.ReferencePipeline$3$1.accept(ReferencePipeline.java:197)
	at java.base/java.util.stream.ReferencePipeline$2$1.accept(ReferencePipeline.java:179)
	at java.base/java.util.ArrayList$ArrayListSpliterator.forEachRemaining(ArrayList.java:1708)
	at java.base/java.util.stream.AbstractPipeline.copyInto(AbstractPipeline.java:509)
	at java.base/java.util.stream.AbstractPipeline.wrapAndCopyInto(AbstractPipeline.java:499)
	at java.base/java.util.stream.StreamSpliterators$WrappingSpliterator.forEachRemaining(StreamSpliterators.java:310)
	at java.base/java.util.stream.Streams$ConcatSpliterator.forEachRemaining(Streams.java:735)
	at java.base/java.util.stream.Streams$ConcatSpliterator.forEachRemaining(Streams.java:734)
	at java.base/java.util.stream.ReferencePipeline$Head.forEach(ReferencePipeline.java:762)
	at org.junit.jupiter.engine.descriptor.ClassBasedTestDescriptor.invokeTestInstancePostProcessors(ClassBasedTestDescriptor.java:377)
	at org.junit.jupiter.engine.descriptor.ClassBasedTestDescriptor.lambda$instantiateAndPostProcessTestInstance$6(ClassBasedTestDescriptor.java:290)
	at org.junit.platform.engine.support.hierarchical.ThrowableCollector.execute(ThrowableCollector.java:73)
	at org.junit.jupiter.engine.descriptor.ClassBasedTestDescriptor.instantiateAndPostProcessTestInstance(ClassBasedTestDescriptor.java:289)
	at org.junit.jupiter.engine.descriptor.ClassBasedTestDescriptor.lambda$testInstancesProvider$4(ClassBasedTestDescriptor.java:279)
	at java.base/java.util.Optional.orElseGet(Optional.java:364)
	at org.junit.jupiter.engine.descriptor.ClassBasedTestDescriptor.lambda$testInstancesProvider$5(ClassBasedTestDescriptor.java:278)
	at org.junit.jupiter.engine.execution.TestInstancesProvider.getTestInstances(TestInstancesProvider.java:31)
	at org.junit.jupiter.engine.descriptor.TestMethodTestDescriptor.lambda$prepare$0(TestMethodTestDescriptor.java:106)
	at org.junit.platform.engine.support.hierarchical.ThrowableCollector.execute(ThrowableCollector.java:73)
	at org.junit.jupiter.engine.descriptor.TestMethodTestDescriptor.prepare(TestMethodTestDescriptor.java:105)
	at org.junit.jupiter.engine.descriptor.TestMethodTestDescriptor.prepare(TestMethodTestDescriptor.java:69)
	at org.junit.platform.engine.support.hierarchical.NodeTestTask.lambda$prepare$2(NodeTestTask.java:123)
	at org.junit.platform.engine.support.hierarchical.ThrowableCollector.execute(ThrowableCollector.java:73)
	at org.junit.platform.engine.support.hierarchical.NodeTestTask.prepare(NodeTestTask.java:123)
	at org.junit.platform.engine.support.hierarchical.NodeTestTask.execute(NodeTestTask.java:90)
	at java.base/java.util.ArrayList.forEach(ArrayList.java:1596)
	at org.junit.platform.engine.support.hierarchical.SameThreadHierarchicalTestExecutorService.invokeAll(SameThreadHierarchicalTestExecutorService.java:41)
	at org.junit.platform.engine.support.hierarchical.NodeTestTask.lambda$executeRecursively$6(NodeTestTask.java:155)
	at org.junit.platform.engine.support.hierarchical.ThrowableCollector.execute(ThrowableCollector.java:73)
	at org.junit.platform.engine.support.hierarchical.NodeTestTask.lambda$executeRecursively$8(NodeTestTask.java:141)
	at org.junit.platform.engine.support.hierarchical.Node.around(Node.java:137)
	at org.junit.platform.engine.support.hierarchical.NodeTestTask.lambda$executeRecursively$9(NodeTestTask.java:139)
	at org.junit.platform.engine.support.hierarchical.ThrowableCollector.execute(ThrowableCollector.java:73)
	at org.junit.platform.engine.support.hierarchical.NodeTestTask.executeRecursively(NodeTestTask.java:138)
	at org.junit.platform.engine.support.hierarchical.NodeTestTask.execute(NodeTestTask.java:95)
	at java.base/java.util.ArrayList.forEach(ArrayList.java:1596)
	at org.junit.platform.engine.support.hierarchical.SameThreadHierarchicalTestExecutorService.invokeAll(SameThreadHierarchicalTestExecutorService.java:41)
	at org.junit.platform.engine.support.hierarchical.NodeTestTask.lambda$executeRecursively$6(NodeTestTask.java:155)
	at org.junit.platform.engine.support.hierarchical.ThrowableCollector.execute(ThrowableCollector.java:73)
	at org.junit.platform.engine.support.hierarchical.NodeTestTask.lambda$executeRecursively$8(NodeTestTask.java:141)
	at org.junit.platform.engine.support.hierarchical.Node.around(Node.java:137)
	at org.junit.platform.engine.support.hierarchical.NodeTestTask.lambda$executeRecursively$9(NodeTestTask.java:139)
	at org.junit.platform.engine.support.hierarchical.ThrowableCollector.execute(ThrowableCollector.java:73)
	at org.junit.platform.engine.support.hierarchical.NodeTestTask.executeRecursively(NodeTestTask.java:138)
	at org.junit.platform.engine.support.hierarchical.NodeTestTask.execute(NodeTestTask.java:95)
	at org.junit.platform.engine.support.hierarchical.SameThreadHierarchicalTestExecutorService.submit(SameThreadHierarchicalTestExecutorService.java:35)
	at org.junit.platform.engine.support.hierarchical.HierarchicalTestExecutor.execute(HierarchicalTestExecutor.java:57)
	at org.junit.platform.engine.support.hierarchical.HierarchicalTestEngine.execute(HierarchicalTestEngine.java:54)
	at org.junit.platform.launcher.core.EngineExecutionOrchestrator.execute(EngineExecutionOrchestrator.java:198)
	at org.junit.platform.launcher.core.EngineExecutionOrchestrator.execute(EngineExecutionOrchestrator.java:169)
	at org.junit.platform.launcher.core.EngineExecutionOrchestrator.execute(EngineExecutionOrchestrator.java:93)
	at org.junit.platform.launcher.core.EngineExecutionOrchestrator.lambda$execute$0(EngineExecutionOrchestrator.java:58)
	at org.junit.platform.launcher.core.EngineExecutionOrchestrator.withInterceptedStreams(EngineExecutionOrchestrator.java:141)
	at org.junit.platform.launcher.core.EngineExecutionOrchestrator.execute(EngineExecutionOrchestrator.java:57)
	at org.junit.platform.launcher.core.DefaultLauncher.execute(DefaultLauncher.java:103)
	at org.junit.platform.launcher.core.DefaultLauncher.execute(DefaultLauncher.java:85)
	at org.junit.platform.launcher.core.DelegatingLauncher.execute(DelegatingLauncher.java:47)
	at org.apache.maven.surefire.junitplatform.LazyLauncher.execute(LazyLauncher.java:56)
	at org.apache.maven.surefire.junitplatform.JUnitPlatformProvider.execute(JUnitPlatformProvider.java:184)
	at org.apache.maven.surefire.junitplatform.JUnitPlatformProvider.invokeAllTests(JUnitPlatformProvider.java:148)
	at org.apache.maven.surefire.junitplatform.JUnitPlatformProvider.invoke(JUnitPlatformProvider.java:122)
	at org.apache.maven.surefire.booter.ForkedBooter.runSuitesInProcess(ForkedBooter.java:385)
	at org.apache.maven.surefire.booter.ForkedBooter.execute(ForkedBooter.java:162)
	at org.apache.maven.surefire.booter.ForkedBooter.run(ForkedBooter.java:507)
	at org.apache.maven.surefire.booter.ForkedBooter.main(ForkedBooter.java:495)
Caused by: org.springframework.beans.factory.BeanCreationException: Error creating bean with name 'entityManagerFactory' defined in class path resource [org/springframework/boot/autoconfigure/orm/jpa/HibernateJpaConfiguration.class]: Failed to initialize dependency 'flywayInitializer' of LoadTimeWeaverAware bean 'entityManagerFactory': Error creating bean with name 'flywayInitializer' defined in class path resource [org/springframework/boot/autoconfigure/flyway/FlywayAutoConfiguration$FlywayConfiguration.class]: Validate failed: Migrations have failed validation
Migration checksum mismatch for migration version 2
-> Applied to database : -1002968627
-> Resolved locally    : -633079767
Either revert the changes to the migration, or run repair to update the schema history.
Need more flexibility with validation rules? Learn more: https://rd.gt/3AbJUZE
	at org.springframework.beans.factory.support.AbstractBeanFactory.doGetBean(AbstractBeanFactory.java:326)
	at org.springframework.beans.factory.support.AbstractBeanFactory.getBean(AbstractBeanFactory.java:205)
	at org.springframework.context.support.AbstractApplicationContext.finishBeanFactoryInitialization(AbstractApplicationContext.java:952)
	at org.springframework.context.support.AbstractApplicationContext.refresh(AbstractApplicationContext.java:624)
	at org.springframework.boot.SpringApplication.refresh(SpringApplication.java:754)
	at org.springframework.boot.SpringApplication.refreshContext(SpringApplication.java:456)
	at org.springframework.boot.SpringApplication.run(SpringApplication.java:335)
	at org.springframework.boot.test.context.SpringBootContextLoader.lambda$loadContext$3(SpringBootContextLoader.java:137)
	at org.springframework.util.function.ThrowingSupplier.get(ThrowingSupplier.java:58)
	at org.springframework.util.function.ThrowingSupplier.get(ThrowingSupplier.java:46)
	at org.springframework.boot.SpringApplication.withHook(SpringApplication.java:1463)
	at org.springframework.boot.test.context.SpringBootContextLoader$ContextLoaderHook.run(SpringBootContextLoader.java:553)
	at org.springframework.boot.test.context.SpringBootContextLoader.loadContext(SpringBootContextLoader.java:137)
	at org.springframework.boot.test.context.SpringBootContextLoader.loadContext(SpringBootContextLoader.java:108)
	at org.springframework.test.context.cache.DefaultCacheAwareContextLoaderDelegate.loadContextInternal(DefaultCacheAwareContextLoaderDelegate.java:225)
	at org.springframework.test.context.cache.DefaultCacheAwareContextLoaderDelegate.loadContext(DefaultCacheAwareContextLoaderDelegate.java:152)
	... 73 common frames omitted
Caused by: org.springframework.beans.factory.BeanCreationException: Error creating bean with name 'flywayInitializer' defined in class path resource [org/springframework/boot/autoconfigure/flyway/FlywayAutoConfiguration$FlywayConfiguration.class]: Validate failed: Migrations have failed validation
Migration checksum mismatch for migration version 2
-> Applied to database : -1002968627
-> Resolved locally    : -633079767
Either revert the changes to the migration, or run repair to update the schema history.
Need more flexibility with validation rules? Learn more: https://rd.gt/3AbJUZE
	at org.springframework.beans.factory.support.AbstractAutowireCapableBeanFactory.initializeBean(AbstractAutowireCapableBeanFactory.java:1788)
	at org.springframework.beans.factory.support.AbstractAutowireCapableBeanFactory.doCreateBean(AbstractAutowireCapableBeanFactory.java:600)
	at org.springframework.beans.factory.support.AbstractAutowireCapableBeanFactory.createBean(AbstractAutowireCapableBeanFactory.java:522)
	at org.springframework.beans.factory.support.AbstractBeanFactory.lambda$doGetBean$0(AbstractBeanFactory.java:337)
	at org.springframework.beans.factory.support.DefaultSingletonBeanRegistry.getSingleton(DefaultSingletonBeanRegistry.java:234)
	at org.springframework.beans.factory.support.AbstractBeanFactory.doGetBean(AbstractBeanFactory.java:335)
	at org.springframework.beans.factory.support.AbstractBeanFactory.getBean(AbstractBeanFactory.java:200)
	at org.springframework.beans.factory.support.AbstractBeanFactory.doGetBean(AbstractBeanFactory.java:313)
	... 88 common frames omitted
Caused by: org.flywaydb.core.api.exception.FlywayValidateException: Validate failed: Migrations have failed validation
Migration checksum mismatch for migration version 2
-> Applied to database : -1002968627
-> Resolved locally    : -633079767
Either revert the changes to the migration, or run repair to update the schema history.
Need more flexibility with validation rules? Learn more: https://rd.gt/3AbJUZE
	at org.flywaydb.core.Flyway.lambda$migrate$0(Flyway.java:160)
	at org.flywaydb.core.FlywayExecutor.execute(FlywayExecutor.java:205)
	at org.flywaydb.core.Flyway.migrate(Flyway.java:147)
	at org.springframework.boot.autoconfigure.flyway.FlywayMigrationInitializer.afterPropertiesSet(FlywayMigrationInitializer.java:66)
	at org.springframework.beans.factory.support.AbstractAutowireCapableBeanFactory.invokeInitMethods(AbstractAutowireCapableBeanFactory.java:1835)
	at org.springframework.beans.factory.support.AbstractAutowireCapableBeanFactory.initializeBean(AbstractAutowireCapableBeanFactory.java:1784)
	... 95 common frames omitted
2026-05-17 18:10:29,768 INFO o.h.v.i.u.Version [background-preinit] HV000001: Hibernate Validator 8.0.1.Final
2026-05-17 18:10:29,893 INFO o.s.b.l.DeferredLog [restartedMain] Devtools property defaults active! Set 'spring.devtools.add-properties' to 'false' to disable
2026-05-17 18:10:29,893 INFO o.s.b.l.DeferredLog [restartedMain] For additional web related logging consider setting the 'logging.level.web' property to 'DEBUG'
2026-05-17 18:10:30,615 INFO o.s.d.r.c.RepositoryConfigurationDelegate [restartedMain] Bootstrapping Spring Data JPA repositories in DEFAULT mode.
2026-05-17 18:10:30,709 INFO o.s.d.r.c.RepositoryConfigurationDelegate [restartedMain] Finished Spring Data repository scanning in 88 ms. Found 7 JPA repository interfaces.
2026-05-17 18:10:31,419 INFO o.s.c.c.s.GenericScope [restartedMain] BeanFactory id=46b6c3d3-560d-38fb-ad4d-14c652cfc037
2026-05-17 18:10:31,809 WARN o.s.c.s.PostProcessorRegistrationDelegate$BeanPostProcessorChecker [restartedMain] Bean 'org.springframework.cloud.client.loadbalancer.LoadBalancerAutoConfiguration$DeferringLoadBalancerInterceptorConfig' of type [org.springframework.cloud.client.loadbalancer.LoadBalancerAutoConfiguration$DeferringLoadBalancerInterceptorConfig] is not eligible for getting processed by all BeanPostProcessors (for example: not eligible for auto-proxying). The currently created BeanPostProcessor [lbRestClientPostProcessor] is declared through a non-static factory method on that class; consider declaring it as static instead.
2026-05-17 18:10:31,813 WARN o.s.c.s.PostProcessorRegistrationDelegate$BeanPostProcessorChecker [restartedMain] Bean 'deferringLoadBalancerInterceptor' of type [org.springframework.cloud.client.loadbalancer.DeferringLoadBalancerInterceptor] is not eligible for getting processed by all BeanPostProcessors (for example: not eligible for auto-proxying). Is this bean getting eagerly injected into a currently created BeanPostProcessor [lbRestClientPostProcessor]? Check the corresponding BeanPostProcessor declaration and its dependencies.
2026-05-17 18:10:31,821 WARN o.s.c.s.PostProcessorRegistrationDelegate$BeanPostProcessorChecker [restartedMain] Bean 'org.springframework.cloud.client.loadbalancer.reactive.LoadBalancerBeanPostProcessorAutoConfiguration' of type [org.springframework.cloud.client.loadbalancer.reactive.LoadBalancerBeanPostProcessorAutoConfiguration] is not eligible for getting processed by all BeanPostProcessors (for example: not eligible for auto-proxying). The currently created BeanPostProcessor [loadBalancerWebClientBuilderBeanPostProcessor] is declared through a non-static factory method on that class; consider declaring it as static instead.
2026-05-17 18:10:31,824 WARN o.s.c.s.PostProcessorRegistrationDelegate$BeanPostProcessorChecker [restartedMain] Bean 'org.springframework.cloud.client.loadbalancer.reactive.LoadBalancerBeanPostProcessorAutoConfiguration$ReactorDeferringLoadBalancerFilterConfig' of type [org.springframework.cloud.client.loadbalancer.reactive.LoadBalancerBeanPostProcessorAutoConfiguration$ReactorDeferringLoadBalancerFilterConfig] is not eligible for getting processed by all BeanPostProcessors (for example: not eligible for auto-proxying). Is this bean getting eagerly injected into a currently created BeanPostProcessor [loadBalancerWebClientBuilderBeanPostProcessor]? Check the corresponding BeanPostProcessor declaration and its dependencies.
2026-05-17 18:10:31,826 WARN o.s.c.s.PostProcessorRegistrationDelegate$BeanPostProcessorChecker [restartedMain] Bean 'reactorDeferringLoadBalancerExchangeFilterFunction' of type [org.springframework.cloud.client.loadbalancer.reactive.DeferringLoadBalancerExchangeFilterFunction] is not eligible for getting processed by all BeanPostProcessors (for example: not eligible for auto-proxying). Is this bean getting eagerly injected into a currently created BeanPostProcessor [loadBalancerWebClientBuilderBeanPostProcessor]? Check the corresponding BeanPostProcessor declaration and its dependencies.
2026-05-17 18:10:32,320 INFO o.s.b.w.e.t.TomcatWebServer [restartedMain] Tomcat initialized with port 8080 (http)
2026-05-17 18:10:32,334 INFO o.a.j.l.DirectJDKLog [restartedMain] Initializing ProtocolHandler ["http-nio-8080"]
2026-05-17 18:10:32,335 INFO o.a.j.l.DirectJDKLog [restartedMain] Starting service [Tomcat]
2026-05-17 18:10:32,335 INFO o.a.j.l.DirectJDKLog [restartedMain] Starting Servlet engine: [Apache Tomcat/10.1.24]
2026-05-17 18:10:32,396 INFO o.a.j.l.DirectJDKLog [restartedMain] Initializing Spring embedded WebApplicationContext
2026-05-17 18:10:32,398 INFO o.s.b.w.s.c.ServletWebServerApplicationContext [restartedMain] Root WebApplicationContext: initialization completed in 2503 ms
2026-05-17 18:10:32,864 INFO c.z.h.HikariDataSource [restartedMain] HikariPool-1 - Starting...
2026-05-17 18:10:33,154 INFO c.z.h.p.HikariPool [restartedMain] HikariPool-1 - Added connection com.mysql.cj.jdbc.ConnectionImpl@5a3f7a57
2026-05-17 18:10:33,157 INFO c.z.h.HikariDataSource [restartedMain] HikariPool-1 - Start completed.
2026-05-17 18:10:33,218 INFO o.f.c.i.l.s.Slf4jLog [restartedMain] Database: jdbc:mysql://localhost:3306/shine_school (MySQL 8.4)
2026-05-17 18:10:33,235 WARN o.f.c.i.l.s.Slf4jLog [restartedMain] Flyway upgrade recommended: MySQL 8.4 is newer than this version of Flyway and support has not been tested. The latest supported version of MySQL is 8.1.
2026-05-17 18:10:33,295 WARN o.s.c.s.AbstractApplicationContext [restartedMain] Exception encountered during context initialization - cancelling refresh attempt: org.springframework.beans.factory.BeanCreationException: Error creating bean with name 'entityManagerFactory' defined in class path resource [org/springframework/boot/autoconfigure/orm/jpa/HibernateJpaConfiguration.class]: Failed to initialize dependency 'flywayInitializer' of LoadTimeWeaverAware bean 'entityManagerFactory': Error creating bean with name 'flywayInitializer' defined in class path resource [org/springframework/boot/autoconfigure/flyway/FlywayAutoConfiguration$FlywayConfiguration.class]: Validate failed: Migrations have failed validation
Migration checksum mismatch for migration version 2
-> Applied to database : -1002968627
-> Resolved locally    : -633079767
Either revert the changes to the migration, or run repair to update the schema history.
Need more flexibility with validation rules? Learn more: https://rd.gt/3AbJUZE
2026-05-17 18:10:33,296 INFO c.z.h.HikariDataSource [restartedMain] HikariPool-1 - Shutdown initiated...
2026-05-17 18:10:33,326 INFO c.z.h.HikariDataSource [restartedMain] HikariPool-1 - Shutdown completed.
2026-05-17 18:10:33,328 INFO o.a.j.l.DirectJDKLog [restartedMain] Stopping service [Tomcat]
2026-05-17 18:10:33,344 INFO o.s.b.a.l.ConditionEvaluationReportLogger [restartedMain] 

Error starting ApplicationContext. To display the condition evaluation report re-run your application with 'debug' enabled.
2026-05-17 18:10:33,359 ERROR o.s.b.SpringApplication [restartedMain] Application run failed
org.springframework.beans.factory.BeanCreationException: Error creating bean with name 'entityManagerFactory' defined in class path resource [org/springframework/boot/autoconfigure/orm/jpa/HibernateJpaConfiguration.class]: Failed to initialize dependency 'flywayInitializer' of LoadTimeWeaverAware bean 'entityManagerFactory': Error creating bean with name 'flywayInitializer' defined in class path resource [org/springframework/boot/autoconfigure/flyway/FlywayAutoConfiguration$FlywayConfiguration.class]: Validate failed: Migrations have failed validation
Migration checksum mismatch for migration version 2
-> Applied to database : -1002968627
-> Resolved locally    : -633079767
Either revert the changes to the migration, or run repair to update the schema history.
Need more flexibility with validation rules? Learn more: https://rd.gt/3AbJUZE
	at org.springframework.beans.factory.support.AbstractBeanFactory.doGetBean(AbstractBeanFactory.java:326)
	at org.springframework.beans.factory.support.AbstractBeanFactory.getBean(AbstractBeanFactory.java:205)
	at org.springframework.context.support.AbstractApplicationContext.finishBeanFactoryInitialization(AbstractApplicationContext.java:952)
	at org.springframework.context.support.AbstractApplicationContext.refresh(AbstractApplicationContext.java:624)
	at org.springframework.boot.web.servlet.context.ServletWebServerApplicationContext.refresh(ServletWebServerApplicationContext.java:146)
	at org.springframework.boot.SpringApplication.refresh(SpringApplication.java:754)
	at org.springframework.boot.SpringApplication.refreshContext(SpringApplication.java:456)
	at org.springframework.boot.SpringApplication.run(SpringApplication.java:335)
	at org.springframework.boot.SpringApplication.run(SpringApplication.java:1363)
	at org.springframework.boot.SpringApplication.run(SpringApplication.java:1352)
	at com.shinepublicschool.ShinePublicSchoolWebAppApplication.main(ShinePublicSchoolWebAppApplication.java:16)
	at java.base/jdk.internal.reflect.DirectMethodHandleAccessor.invoke(DirectMethodHandleAccessor.java:103)
	at java.base/java.lang.reflect.Method.invoke(Method.java:580)
	at org.springframework.boot.devtools.restart.RestartLauncher.run(RestartLauncher.java:50)
Caused by: org.springframework.beans.factory.BeanCreationException: Error creating bean with name 'flywayInitializer' defined in class path resource [org/springframework/boot/autoconfigure/flyway/FlywayAutoConfiguration$FlywayConfiguration.class]: Validate failed: Migrations have failed validation
Migration checksum mismatch for migration version 2
-> Applied to database : -1002968627
-> Resolved locally    : -633079767
Either revert the changes to the migration, or run repair to update the schema history.
Need more flexibility with validation rules? Learn more: https://rd.gt/3AbJUZE
	at org.springframework.beans.factory.support.AbstractAutowireCapableBeanFactory.initializeBean(AbstractAutowireCapableBeanFactory.java:1788)
	at org.springframework.beans.factory.support.AbstractAutowireCapableBeanFactory.doCreateBean(AbstractAutowireCapableBeanFactory.java:600)
	at org.springframework.beans.factory.support.AbstractAutowireCapableBeanFactory.createBean(AbstractAutowireCapableBeanFactory.java:522)
	at org.springframework.beans.factory.support.AbstractBeanFactory.lambda$doGetBean$0(AbstractBeanFactory.java:337)
	at org.springframework.beans.factory.support.DefaultSingletonBeanRegistry.getSingleton(DefaultSingletonBeanRegistry.java:234)
	at org.springframework.beans.factory.support.AbstractBeanFactory.doGetBean(AbstractBeanFactory.java:335)
	at org.springframework.beans.factory.support.AbstractBeanFactory.getBean(AbstractBeanFactory.java:200)
	at org.springframework.beans.factory.support.AbstractBeanFactory.doGetBean(AbstractBeanFactory.java:313)
	... 13 common frames omitted
Caused by: org.flywaydb.core.api.exception.FlywayValidateException: Validate failed: Migrations have failed validation
Migration checksum mismatch for migration version 2
-> Applied to database : -1002968627
-> Resolved locally    : -633079767
Either revert the changes to the migration, or run repair to update the schema history.
Need more flexibility with validation rules? Learn more: https://rd.gt/3AbJUZE
	at org.flywaydb.core.Flyway.lambda$migrate$0(Flyway.java:160)
	at org.flywaydb.core.FlywayExecutor.execute(FlywayExecutor.java:205)
	at org.flywaydb.core.Flyway.migrate(Flyway.java:147)
	at org.springframework.boot.autoconfigure.flyway.FlywayMigrationInitializer.afterPropertiesSet(FlywayMigrationInitializer.java:66)
	at org.springframework.beans.factory.support.AbstractAutowireCapableBeanFactory.invokeInitMethods(AbstractAutowireCapableBeanFactory.java:1835)
	at org.springframework.beans.factory.support.AbstractAutowireCapableBeanFactory.initializeBean(AbstractAutowireCapableBeanFactory.java:1784)
	... 20 common frames omitted
2026-05-17 18:12:48,328 INFO o.h.v.i.u.Version [background-preinit] HV000001: Hibernate Validator 8.0.1.Final
2026-05-17 18:12:48,445 INFO o.s.b.l.DeferredLog [restartedMain] Devtools property defaults active! Set 'spring.devtools.add-properties' to 'false' to disable
2026-05-17 18:12:48,445 INFO o.s.b.l.DeferredLog [restartedMain] For additional web related logging consider setting the 'logging.level.web' property to 'DEBUG'
2026-05-17 18:12:49,316 INFO o.s.d.r.c.RepositoryConfigurationDelegate [restartedMain] Bootstrapping Spring Data JPA repositories in DEFAULT mode.
2026-05-17 18:12:49,419 INFO o.s.d.r.c.RepositoryConfigurationDelegate [restartedMain] Finished Spring Data repository scanning in 96 ms. Found 7 JPA repository interfaces.
2026-05-17 18:12:50,138 INFO o.s.c.c.s.GenericScope [restartedMain] BeanFactory id=6485b2d7-22db-3b5a-b1d9-8df84940e49f
2026-05-17 18:12:50,683 WARN o.s.c.s.PostProcessorRegistrationDelegate$BeanPostProcessorChecker [restartedMain] Bean 'org.springframework.cloud.client.loadbalancer.LoadBalancerAutoConfiguration$DeferringLoadBalancerInterceptorConfig' of type [org.springframework.cloud.client.loadbalancer.LoadBalancerAutoConfiguration$DeferringLoadBalancerInterceptorConfig] is not eligible for getting processed by all BeanPostProcessors (for example: not eligible for auto-proxying). The currently created BeanPostProcessor [lbRestClientPostProcessor] is declared through a non-static factory method on that class; consider declaring it as static instead.
2026-05-17 18:12:50,691 WARN o.s.c.s.PostProcessorRegistrationDelegate$BeanPostProcessorChecker [restartedMain] Bean 'deferringLoadBalancerInterceptor' of type [org.springframework.cloud.client.loadbalancer.DeferringLoadBalancerInterceptor] is not eligible for getting processed by all BeanPostProcessors (for example: not eligible for auto-proxying). Is this bean getting eagerly injected into a currently created BeanPostProcessor [lbRestClientPostProcessor]? Check the corresponding BeanPostProcessor declaration and its dependencies.
2026-05-17 18:12:50,699 WARN o.s.c.s.PostProcessorRegistrationDelegate$BeanPostProcessorChecker [restartedMain] Bean 'org.springframework.cloud.client.loadbalancer.reactive.LoadBalancerBeanPostProcessorAutoConfiguration' of type [org.springframework.cloud.client.loadbalancer.reactive.LoadBalancerBeanPostProcessorAutoConfiguration] is not eligible for getting processed by all BeanPostProcessors (for example: not eligible for auto-proxying). The currently created BeanPostProcessor [loadBalancerWebClientBuilderBeanPostProcessor] is declared through a non-static factory method on that class; consider declaring it as static instead.
2026-05-17 18:12:50,704 WARN o.s.c.s.PostProcessorRegistrationDelegate$BeanPostProcessorChecker [restartedMain] Bean 'org.springframework.cloud.client.loadbalancer.reactive.LoadBalancerBeanPostProcessorAutoConfiguration$ReactorDeferringLoadBalancerFilterConfig' of type [org.springframework.cloud.client.loadbalancer.reactive.LoadBalancerBeanPostProcessorAutoConfiguration$ReactorDeferringLoadBalancerFilterConfig] is not eligible for getting processed by all BeanPostProcessors (for example: not eligible for auto-proxying). Is this bean getting eagerly injected into a currently created BeanPostProcessor [loadBalancerWebClientBuilderBeanPostProcessor]? Check the corresponding BeanPostProcessor declaration and its dependencies.
2026-05-17 18:12:50,707 WARN o.s.c.s.PostProcessorRegistrationDelegate$BeanPostProcessorChecker [restartedMain] Bean 'reactorDeferringLoadBalancerExchangeFilterFunction' of type [org.springframework.cloud.client.loadbalancer.reactive.DeferringLoadBalancerExchangeFilterFunction] is not eligible for getting processed by all BeanPostProcessors (for example: not eligible for auto-proxying). Is this bean getting eagerly injected into a currently created BeanPostProcessor [loadBalancerWebClientBuilderBeanPostProcessor]? Check the corresponding BeanPostProcessor declaration and its dependencies.
2026-05-17 18:12:51,918 INFO o.s.b.w.e.t.TomcatWebServer [restartedMain] Tomcat initialized with port 8080 (http)
2026-05-17 18:12:51,935 INFO o.a.j.l.DirectJDKLog [restartedMain] Initializing ProtocolHandler ["http-nio-8080"]
2026-05-17 18:12:51,941 INFO o.a.j.l.DirectJDKLog [restartedMain] Starting service [Tomcat]
2026-05-17 18:12:51,941 INFO o.a.j.l.DirectJDKLog [restartedMain] Starting Servlet engine: [Apache Tomcat/10.1.24]
2026-05-17 18:12:52,042 INFO o.a.j.l.DirectJDKLog [restartedMain] Initializing Spring embedded WebApplicationContext
2026-05-17 18:12:52,046 INFO o.s.b.w.s.c.ServletWebServerApplicationContext [restartedMain] Root WebApplicationContext: initialization completed in 3596 ms
2026-05-17 18:12:52,559 INFO c.z.h.HikariDataSource [restartedMain] HikariPool-1 - Starting...
2026-05-17 18:12:52,963 INFO c.z.h.p.HikariPool [restartedMain] HikariPool-1 - Added connection com.mysql.cj.jdbc.ConnectionImpl@141d583
2026-05-17 18:12:52,967 INFO c.z.h.HikariDataSource [restartedMain] HikariPool-1 - Start completed.
2026-05-17 18:12:53,083 INFO o.h.j.i.u.LogHelper [restartedMain] HHH000204: Processing PersistenceUnitInfo [name: default]
2026-05-17 18:12:53,160 INFO o.h.Version [restartedMain] HHH000412: Hibernate ORM core version 6.5.2.Final
2026-05-17 18:12:53,219 INFO o.h.c.i.RegionFactoryInitiator [restartedMain] HHH000026: Second-level cache disabled
2026-05-17 18:12:53,610 INFO o.s.o.j.p.SpringPersistenceUnitInfo [restartedMain] No LoadTimeWeaver setup: ignoring JPA class transformer
2026-05-17 18:12:54,865 INFO o.h.e.t.j.p.i.JtaPlatformInitiator [restartedMain] HHH000489: No JTA platform available (set 'hibernate.transaction.jta.platform' to enable JTA platform integration)
2026-05-17 18:12:54,917 ERROR o.s.o.j.AbstractEntityManagerFactoryBean [restartedMain] Failed to initialize JPA EntityManagerFactory: [PersistenceUnit: default] Unable to build Hibernate SessionFactory; nested exception is org.hibernate.tool.schema.spi.SchemaManagementException: Schema-validation: missing column [class_teacher] in table [class]
2026-05-17 18:12:54,918 WARN o.s.c.s.AbstractApplicationContext [restartedMain] Exception encountered during context initialization - cancelling refresh attempt: org.springframework.beans.factory.BeanCreationException: Error creating bean with name 'entityManagerFactory' defined in class path resource [org/springframework/boot/autoconfigure/orm/jpa/HibernateJpaConfiguration.class]: [PersistenceUnit: default] Unable to build Hibernate SessionFactory; nested exception is org.hibernate.tool.schema.spi.SchemaManagementException: Schema-validation: missing column [class_teacher] in table [class]
2026-05-17 18:12:54,920 INFO c.z.h.HikariDataSource [restartedMain] HikariPool-1 - Shutdown initiated...
2026-05-17 18:12:54,933 INFO c.z.h.HikariDataSource [restartedMain] HikariPool-1 - Shutdown completed.
2026-05-17 18:12:54,935 INFO o.a.j.l.DirectJDKLog [restartedMain] Stopping service [Tomcat]
2026-05-17 18:12:54,950 INFO o.s.b.a.l.ConditionEvaluationReportLogger [restartedMain] 

Error starting ApplicationContext. To display the condition evaluation report re-run your application with 'debug' enabled.
2026-05-17 18:12:54,980 ERROR o.s.b.SpringApplication [restartedMain] Application run failed
org.springframework.beans.factory.BeanCreationException: Error creating bean with name 'entityManagerFactory' defined in class path resource [org/springframework/boot/autoconfigure/orm/jpa/HibernateJpaConfiguration.class]: [PersistenceUnit: default] Unable to build Hibernate SessionFactory; nested exception is org.hibernate.tool.schema.spi.SchemaManagementException: Schema-validation: missing column [class_teacher] in table [class]
	at org.springframework.beans.factory.support.AbstractAutowireCapableBeanFactory.initializeBean(AbstractAutowireCapableBeanFactory.java:1788)
	at org.springframework.beans.factory.support.AbstractAutowireCapableBeanFactory.doCreateBean(AbstractAutowireCapableBeanFactory.java:600)
	at org.springframework.beans.factory.support.AbstractAutowireCapableBeanFactory.createBean(AbstractAutowireCapableBeanFactory.java:522)
	at org.springframework.beans.factory.support.AbstractBeanFactory.lambda$doGetBean$0(AbstractBeanFactory.java:337)
	at org.springframework.beans.factory.support.DefaultSingletonBeanRegistry.getSingleton(DefaultSingletonBeanRegistry.java:234)
	at org.springframework.beans.factory.support.AbstractBeanFactory.doGetBean(AbstractBeanFactory.java:335)
	at org.springframework.beans.factory.support.AbstractBeanFactory.getBean(AbstractBeanFactory.java:205)
	at org.springframework.context.support.AbstractApplicationContext.finishBeanFactoryInitialization(AbstractApplicationContext.java:952)
	at org.springframework.context.support.AbstractApplicationContext.refresh(AbstractApplicationContext.java:624)
	at org.springframework.boot.web.servlet.context.ServletWebServerApplicationContext.refresh(ServletWebServerApplicationContext.java:146)
	at org.springframework.boot.SpringApplication.refresh(SpringApplication.java:754)
	at org.springframework.boot.SpringApplication.refreshContext(SpringApplication.java:456)
	at org.springframework.boot.SpringApplication.run(SpringApplication.java:335)
	at org.springframework.boot.SpringApplication.run(SpringApplication.java:1363)
	at org.springframework.boot.SpringApplication.run(SpringApplication.java:1352)
	at com.shinepublicschool.ShinePublicSchoolWebAppApplication.main(ShinePublicSchoolWebAppApplication.java:16)
	at java.base/jdk.internal.reflect.DirectMethodHandleAccessor.invoke(DirectMethodHandleAccessor.java:103)
	at java.base/java.lang.reflect.Method.invoke(Method.java:580)
	at org.springframework.boot.devtools.restart.RestartLauncher.run(RestartLauncher.java:50)
Caused by: jakarta.persistence.PersistenceException: [PersistenceUnit: default] Unable to build Hibernate SessionFactory; nested exception is org.hibernate.tool.schema.spi.SchemaManagementException: Schema-validation: missing column [class_teacher] in table [class]
	at org.springframework.orm.jpa.AbstractEntityManagerFactoryBean.buildNativeEntityManagerFactory(AbstractEntityManagerFactoryBean.java:421)
	at org.springframework.orm.jpa.AbstractEntityManagerFactoryBean.afterPropertiesSet(AbstractEntityManagerFactoryBean.java:396)
	at org.springframework.orm.jpa.LocalContainerEntityManagerFactoryBean.afterPropertiesSet(LocalContainerEntityManagerFactoryBean.java:366)
	at org.springframework.beans.factory.support.AbstractAutowireCapableBeanFactory.invokeInitMethods(AbstractAutowireCapableBeanFactory.java:1835)
	at org.springframework.beans.factory.support.AbstractAutowireCapableBeanFactory.initializeBean(AbstractAutowireCapableBeanFactory.java:1784)
	... 18 common frames omitted
Caused by: org.hibernate.tool.schema.spi.SchemaManagementException: Schema-validation: missing column [class_teacher] in table [class]
	at org.hibernate.tool.schema.internal.AbstractSchemaValidator.validateTable(AbstractSchemaValidator.java:148)
	at org.hibernate.tool.schema.internal.GroupedSchemaValidatorImpl.validateTables(GroupedSchemaValidatorImpl.java:46)
	at org.hibernate.tool.schema.internal.AbstractSchemaValidator.performValidation(AbstractSchemaValidator.java:98)
	at org.hibernate.tool.schema.internal.AbstractSchemaValidator.doValidation(AbstractSchemaValidator.java:76)
	at org.hibernate.tool.schema.spi.SchemaManagementToolCoordinator.performDatabaseAction(SchemaManagementToolCoordinator.java:289)
	at org.hibernate.tool.schema.spi.SchemaManagementToolCoordinator.lambda$process$5(SchemaManagementToolCoordinator.java:144)
	at java.base/java.util.HashMap.forEach(HashMap.java:1429)
	at org.hibernate.tool.schema.spi.SchemaManagementToolCoordinator.process(SchemaManagementToolCoordinator.java:141)
	at org.hibernate.boot.internal.SessionFactoryObserverForSchemaExport.sessionFactoryCreated(SessionFactoryObserverForSchemaExport.java:37)
	at org.hibernate.internal.SessionFactoryObserverChain.sessionFactoryCreated(SessionFactoryObserverChain.java:35)
	at org.hibernate.internal.SessionFactoryImpl.<init>(SessionFactoryImpl.java:322)
	at org.hibernate.boot.internal.SessionFactoryBuilderImpl.build(SessionFactoryBuilderImpl.java:457)
	at org.hibernate.jpa.boot.internal.EntityManagerFactoryBuilderImpl.build(EntityManagerFactoryBuilderImpl.java:1506)
	at org.springframework.orm.jpa.vendor.SpringHibernateJpaPersistenceProvider.createContainerEntityManagerFactory(SpringHibernateJpaPersistenceProvider.java:75)
	at org.springframework.orm.jpa.LocalContainerEntityManagerFactoryBean.createNativeEntityManagerFactory(LocalContainerEntityManagerFactoryBean.java:390)
	at org.springframework.orm.jpa.AbstractEntityManagerFactoryBean.buildNativeEntityManagerFactory(AbstractEntityManagerFactoryBean.java:409)
	... 22 common frames omitted
